Company,Inches,RAM,Memory,OpSys,Weights,Price,X_res,Y_res,ppi,Gaming,Touchscreen,Cpu Brand,Gpu brand
HP,17.3,16,1024,Windows,7.9,699.99,1920.0,1080.0,127.33567457123111,0,0,Intel Core i7,Intel 
Dell,14.0,4,64,Chrome OS,4.99,546.12,1366.0,768.0,111.93520355955211,0,0,Celeron Processor,Intel 
Dell,14.0,12,512,Windows,7,699.99,1920.0,1080.0,157.3505121487356,0,0,Intel Core i5,Intel 
Dell,14.0,8,256,Windows,5.3,499.0,1920.0,1080.0,157.3505121487356,0,0,Intel Core i5,Intel 
Dell,13.3,16,256,Windows,2.91,899.0,1920.0,1080.0,165.6321180513006,0,1,Intel Core i7,Intel 
Acer,14.0,8,256,Windows,5.79,639.99,1920.0,1080.0,157.3505121487356,0,0,AMD Processor,AMD
Acer,15.6,16,512,Windows,5.51,782.99,1920.0,1080.0,141.21199808219862,0,0,Intel Core i7,NVIDIA
Lenovo,14.0,4,32,Windows,11.3,99.0,1366.0,768.0,111.93520355955211,0,0,AMD Processor,AMD
Dell,14.0,32,512,Windows,4.9,2299.97,1920.0,1080.0,157.3505121487356,0,0,Intel Core i5,Intel 
ASUS,14.0,8,256,Windows,4.51,726.6,1920.0,1080.0,157.3505121487356,0,0,Intel Core i5,Intel 
HP,14.0,16,256,Windows,3.22,699.99,1920.0,1080.0,157.3505121487356,0,0,AMD Processor,AMD
Acer,14.0,16,512,Windows,3.3,533.49,1920.0,1080.0,157.3505121487356,0,0,Intel Core i5,Intel 
ASUS,15.6,8,512,Windows,3.97,725.99,1920.0,1080.0,141.21199808219862,0,0,Intel Core i5,Intel 
Dell,17.0,32,1000,Windows,4.87,2399.0,3840.0,1080.0,234.64616666251288,0,0,Intel Core i7,NVIDIA
Dell,15.6,12,1000,Windows,8,699.99,2560.0,1080.0,178.1082562749975,1,0,Intel Core i7,NVIDIA
ASUS,15.6,8,512,Windows,7.77,699.99,1920.0,1080.0,141.21199808219862,1,0,Intel Core i5,NVIDIA
Lenovo,15.6,16,512,Windows,3.86,1370.77,1920.0,1080.0,141.21199808219862,0,0,Intel Core i7,NVIDIA
ASUS,14.0,8,512,Windows,2.47,934.58,1920.0,1080.0,157.3505121487356,0,0,AMD Processor,AMD
Lenovo,16.0,32,1024,Windows,9.33,3152.37,2560.0,1600.0,188.67962264113208,0,0,Intel Core i7,NVIDIA
HP,15.6,64,2048,Windows,3.84,699.99,1920.0,1080.0,141.21199808219862,0,0,Intel Core i7,Intel 
Dell,15.6,64,1024,Windows,4.22,3599.0,1920.0,1200.0,145.1381712624093,0,0,Intel Core i9,NVIDIA
Lenovo,14.0,8,256,Windows,3,499.0,1920.0,1080.0,157.3505121487356,0,0,AMD Processor,AMD
ASUS,12.0,4,128,Windows,4,119.99,1366.0,768.0,130.59107081947747,0,0,Celeron Processor,Intel 
MSI,15.6,64,512,Windows,3.64,1719.0,3840.0,2160.0,282.42399616439724,1,0,Intel Core i7,NVIDIA
HP,15.6,4,500,Windows,8.8,699.99,1366.0,768.0,100.45466986113651,0,0,Intel Core i5,Intel 
HP,15.6,16,512,Windows,4.02,699.99,1920.0,1080.0,141.21199808219862,0,1,Intel Core i7,Intel 
Lenovo,11.6,4,512,Windows,4.18,323.16,1366.0,768.0,135.0942111925629,0,1,AMD Processor,AMD
Acer,15.6,16,512,Windows,5.51,1261.28,1920.0,1080.0,141.21199808219862,1,0,Intel Core i7,NVIDIA
Lenovo,14.0,16,256,Windows,8,178.9,1366.0,768.0,111.93520355955211,0,0,Intel Core i5,Intel 
HP,15.6,8,256,Windows,4.14,242.16,1920.0,1080.0,141.21199808219862,0,0,Intel Core i7,Intel 
Lenovo,15.6,20,1024,Windows,3.78,379.0,1366.0,768.0,100.45466986113651,0,0,Athlon Processor,AMD
Lenovo,10.1,4,64,Chrome OS,15.8,329.99,1920.0,1200.0,224.17380907857276,0,0,Intel Core i7,Intel 
HP,14.0,4,32,Chrome OS,3.58,278.0,1920.0,1080.0,157.3505121487356,0,0,Celeron Processor,Intel 
HP,15.6,32,1024,Windows,8,699.99,1920.0,1080.0,141.21199808219862,0,1,Intel Core i7,Intel 
Acer,15.6,8,256,Windows,5.07,753.99,1920.0,1080.0,141.21199808219862,1,0,Intel Core i5,NVIDIA
HP,16.0,32,1024,Windows,6.74,3799.0,3840.0,2400.0,283.0194339616981,0,0,Intel Core i9,Intel 
MSI,17.3,16,1024,Others/Linux/Mac OS,8,699.99,1920.0,1080.0,127.33567457123111,1,0,Intel Core i7,Intel 
Alienware,17.3,8,1000,Windows,9.7,699.99,1920.0,1080.0,127.33567457123111,1,0,Intel Core i7,NVIDIA
Lenovo,15.6,16,512,Windows,7,699.99,1920.0,1080.0,141.21199808219862,0,1,Intel Core i7,Intel 
Acer,15.6,16,2048,Others/Linux/Mac OS,8,2093.89,1920.0,1080.0,141.21199808219862,0,0,Intel Core i7,Intel 
HP,15.6,16,512,Windows,4.41,1999.0,3840.0,2160.0,282.42399616439724,0,1,Intel Core i7,NVIDIA
ASUS,17.3,16,256,Windows,3.75,699.99,1440.0,900.0,98.15702911966409,0,0,Intel Core i5,Intel 
Dell,15.0,32,512,Windows,6.69,699.99,3840.0,2160.0,293.7209560109731,0,0,Intel Core i7,Intel 
Lenovo,15.6,16,512,Windows,8,699.99,1920.0,1080.0,141.21199808219862,0,1,Intel Core i7,Intel 
SAMSUNG,11.6,4,32,Chrome OS,2.6,176.59,1366.0,768.0,135.0942111925629,0,0,Celeron Processor,Intel 
HP,17.3,16,512,Windows,6.02,899.99,1920.0,1080.0,127.33567457123111,0,0,Intel Core i7,NVIDIA
HP,17.3,12,1000,Windows,6,1199.66,1920.0,1080.0,127.33567457123111,0,0,Intel Core i7,NVIDIA
Dell,17.0,32,1024,Windows,6.6,2999.0,1920.0,1080.0,129.58277471072344,0,0,Intel Core i9,NVIDIA
Lenovo,15.6,8,256,Windows,4.4,739.0,1920.0,1080.0,141.21199808219862,0,0,Intel Core i5,Intel 
HP,17.3,4,256,Windows,6.2,445.14,1600.0,900.0,106.11306214269258,0,0,Celeron Processor,Intel 
HP,14.0,8,1024,Windows,7,699.99,1920.0,1080.0,157.3505121487356,0,0,Intel Core i5,Intel 
HP,14.0,2,512,Others/Linux/Mac OS,4.85,89.99,1920.0,1080.0,157.3505121487356,0,0,Intel Core i7,Intel 
HP,15.6,16,512,Windows,4.59,1292.76,1920.0,1080.0,141.21199808219862,0,1,AMD Processor,AMD
Acer,15.6,4,32,Chrome OS,3.53,396.0,1920.0,1080.0,141.21199808219862,0,1,Celeron Processor,Intel 
HP,14.0,4,32,Chrome OS,3.2,102.8,1366.0,768.0,111.93520355955211,0,0,Celeron Processor,Intel 
Lenovo,14.0,8,256,Windows,3.06,249.0,1920.0,1080.0,157.3505121487356,0,0,Intel Core i5,Intel 
Dell,13.4,16,512,Windows,8,1154.99,1920.0,1080.0,164.39605746882822,0,0,Intel Core i7,Intel 
LG,16.0,16,2048,Windows,3.26,2099.99,2560.0,1600.0,188.67962264113208,0,0,Intel Core i7,Intel 
Dell,12.5,16,256,Windows,2.97,699.99,1920.0,1080.0,176.23257360658386,0,1,Intel Core i7,Intel 
Lenovo,14.0,8,128,Windows,4.54,299.99,1920.0,1080.0,157.3505121487356,0,0,Intel Core i3,Intel 
Acer,15.6,4,1024,Windows,4.7,279.99,1366.0,768.0,100.45466986113651,0,0,Intel Core i3,Intel 
HP,14.0,4,512,Windows,3.24,215.48,1366.0,768.0,111.93520355955211,0,1,Celeron Processor,Intel 
ASUS,15.0,8,750,Windows,5.1,699.99,1366.0,768.0,104.47285665558198,0,0,Intel Core i5,Intel 
Dell,13.3,16,512,Windows,3.5,1040.01,1920.0,1080.0,165.6321180513006,0,0,Intel Core i7,Intel 
Dell,14.0,16,256,Windows,4.9,699.0,1920.0,1080.0,157.3505121487356,0,0,Intel Core i5,Intel 
Lenovo,15.6,4,128,Windows,3.75,239.99,1920.0,1080.0,141.21199808219862,0,0,Intel Core i3,Intel 
Dell,17.0,64,512,Windows,4.7,699.99,3840.0,1080.0,234.64616666251288,0,0,Intel Core i9,NVIDIA
HP,15.6,4,512,Others/Linux/Mac OS,5.4,599.0,1366.0,768.0,100.45466986113651,0,0,Intel Core i7,Intel 
HP,15.6,8,256,Windows,5.17,286.0,1360.0,768.0,100.11958661486584,0,0,Pentium Processor,Intel 
LG,16.0,16,1024,Windows,7,1649.0,2560.0,1600.0,188.67962264113208,0,0,Intel Core i7,Intel 
HP,14.0,4,512,Chrome OS,3.24,269.99,1366.0,768.0,111.93520355955211,0,0,Celeron Processor,Intel 
Dell,14.0,64,4096,Windows,7,699.99,1920.0,1080.0,157.3505121487356,0,0,Intel Core i7,NVIDIA
Lenovo,15.6,32,1024,Windows,8,699.99,3840.0,2160.0,282.42399616439724,0,0,Intel Core i7,Intel 
Lenovo,15.6,16,512,Windows,5.79,699.99,1920.0,1080.0,141.21199808219862,0,1,Intel Core i7,Intel 
Acer,15.6,8,256,Windows,5.39,525.25,1366.0,768.0,100.45466986113651,0,0,Intel Core i5,Intel 
Microsoft,13.0,16,512,Windows,1.7,619.99,2880.0,1920.0,266.25609418810996,0,1,Intel Core i7,Intel 
HP,15.6,32,512,Windows,5.2,699.99,1920.0,1080.0,141.21199808219862,0,0,Intel Core i7,Intel 
Dell,14.0,32,256,Windows,4.72,1580.99,1920.0,1080.0,157.3505121487356,0,0,Intel Core i7,Intel 
ASUS,11.0,4,128,Windows,2.65,249.99,1366.0,768.0,142.46298634852087,0,0,Celeron Processor,Intel 
Dell,14.0,16,512,Windows,3.3,699.99,1920.0,1080.0,157.3505121487356,0,0,Intel Core i7,NVIDIA
Dell,11.6,4,512,Windows,4.3,400.68,1366.0,768.0,135.0942111925629,0,0,Celeron Processor,Intel 
Lenovo,11.6,4,64,Chrome OS,3.85,165.95,1366.0,768.0,135.0942111925629,0,0,Celeron Processor,Intel 
MSI,17.3,64,2048,Windows,7.28,4299.0,1920.0,1080.0,127.33567457123111,1,0,Intel Core i9,NVIDIA
Acer,14.0,4,64,Chrome OS,5.29,359.99,1920.0,1080.0,157.3505121487356,0,1,AMD Processor,AMD
Acer,15.6,8,256,Windows,3.97,469.99,1920.0,1080.0,141.21199808219862,0,0,Intel Core i5,Intel 
MSI,15.6,32,1024,Windows,8,699.99,1920.0,1080.0,141.21199808219862,1,0,Intel Core i7,NVIDIA
Lenovo,15.6,8,1024,Windows,4.84,1188.0,1920.0,1080.0,141.21199808219862,1,0,Intel Core i5,NVIDIA
Lenovo,11.6,4,32,Others/Linux/Mac OS,8,699.99,1920.0,1080.0,189.90579052433606,0,0,Celeron Processor,Intel 
LG,16.0,16,1024,Windows,2.18,1799.99,2560.0,1600.0,188.67962264113208,0,0,Intel Core i7,Intel 
HP,14.0,16,128,Chrome OS,4,997.93,1920.0,1080.0,157.3505121487356,0,0,AMD Processor,AMD
Lenovo,14.0,16,1024,Windows,2.97,1999.0,1920.0,1080.0,157.3505121487356,0,0,Intel Core i7,Intel 
Dell,13.3,16,1024,Windows,3.84,1292.52,1920.0,1080.0,165.6321180513006,0,0,Intel Core i7,Intel 
HP,14.0,4,128,Windows,3.2,699.99,1366.0,768.0,111.93520355955211,0,0,Intel Core i3,Intel 
ASUS,15.6,8,512,Windows,3.97,729.0,1920.0,1080.0,141.21199808219862,0,0,Intel Core i5,Intel 
HP,14.0,8,256,Windows,4.42,429.0,1366.0,768.0,111.93520355955211,0,0,Intel Core i3,Intel 
Lenovo,14.0,12,512,Windows,7.9,699.99,1920.0,1080.0,157.3505121487356,0,0,Intel Core i5,Intel 
Acer,15.6,16,512,Windows,4.6,1495.0,1920.0,1080.0,141.21199808219862,1,0,Intel Core i7,NVIDIA
HP,15.6,8,256,Windows,4.1,558.7,1920.0,1080.0,141.21199808219862,0,1,AMD Processor,AMD
Lenovo,11.6,4,512,Windows,2.93,398.66,1366.0,768.0,135.0942111925629,0,1,Intel Core i7,AMD
HP,17.3,8,512,Windows,5.25,699.99,1920.0,1080.0,127.33567457123111,0,0,Intel Core i3,Intel 
Acer,14.0,4,64,Chrome OS,3.75,183.0,1366.0,786.0,112.57088469774347,0,0,Celeron Processor,Intel 
Toshiba,14.0,8,512,Windows,2,429.95,1920.0,1080.0,157.3505121487356,0,0,Intel Core i7,Intel 
Lenovo,14.0,16,512,Windows,2.48,1272.0,1920.0,1080.0,157.3505121487356,0,0,Intel Core i7,Intel 
Dell,14.0,16,512,Windows,5.45,1555.51,1920.0,1080.0,157.3505121487356,0,1,Intel Core i7,Intel 
MSI,15.6,16,512,Windows,4.96,1252.84,1920.0,1080.0,141.21199808219862,1,0,Intel Core i7,NVIDIA
Lenovo,14.0,16,512,Windows,8,699.99,1920.0,1200.0,161.72539083525606,0,1,AMD Processor,AMD
Acer,17.3,16,1024,Windows,6.83,699.99,2560.0,1440.0,169.78089942830815,1,0,AMD Processor,NVIDIA
Lenovo,17.3,8,512,Windows,3.9,2425.36,1920.0,1080.0,127.33567457123111,0,0,Intel Core i7,NVIDIA
Dell,15.6,8,512,Windows,4.26,468.98,1920.0,1080.0,141.21199808219862,0,0,Intel Core i7,NVIDIA
MSI,17.3,16,1024,Windows,5.72,1182.8,1920.0,1080.0,127.33567457123111,1,0,Intel Core i7,NVIDIA
HP,17.3,16,16,Others/Linux/Mac OS,11.03,1699.99,1920.0,1080.0,127.33567457123111,0,0,Intel Core i7,Intel 
Lenovo,15.6,8,256,Windows,4.84,699.99,1920.0,1080.0,141.21199808219862,0,0,AMD Processor,AMD
Dell,15.6,16,1024,Windows,8,699.99,1920.0,1080.0,141.21199808219862,0,0,Intel Core i7,Intel 
Acer,15.6,8,128,Windows,8,699.99,1920.0,1080.0,141.21199808219862,0,0,Intel Core i3,Intel 
Acer,11.0,4,512,Chrome OS,1,300.29,1366.0,768.0,142.46298634852087,0,0,Intel Core i7,Intel 
HP,11.6,4,32,Windows,3.63,176.47,1920.0,1080.0,189.90579052433606,0,0,Intel Core i7,Intel 
Goldengulf,10.1,2,32,Windows,3.09,218.86,1280.0,800.0,149.44920605238187,0,0,Intel Core i7,Intel 
ASUS,17.3,32,1024,Windows,11.62,2499.99,2560.0,1440.0,169.78089942830815,1,0,Intel Core i9,Intel 
Core Innovations,11.6,4,512,Windows,2.3,199.99,1366.0,768.0,135.0942111925629,0,1,Celeron Processor,Intel 
Dell,15.6,16,512,Windows,6.4,1643.06,1920.0,1080.0,141.21199808219862,0,0,Intel Core i5,Intel 
Dell,14.0,8,256,Windows,2.11,159.99,1366.0,768.0,111.93520355955211,0,0,Intel Core i5,Intel 
Toughbook,13.1,16,512,Windows,3.9,1424.0,1366.0,768.0,119.62540838425417,0,1,Intel Core i7,Intel 
HP,15.6,32,1024,Windows,3.86,969.99,1920.0,1080.0,141.21199808219862,0,1,Intel Core i7,Intel 
Lenovo,14.0,16,512,Windows,6.15,1672.13,1920.0,1200.0,161.72539083525606,0,1,Intel Core i7,Intel 
HP,14.0,4,64,Chrome OS,3.64,239.0,1366.0,768.0,111.93520355955211,0,1,Celeron Processor,Intel 
HP,15.0,16,512,Windows,5.25,683.93,1920.0,1080.0,146.86047800548656,0,0,Intel Core i5,Intel 
Acer,15.6,8,256,Windows,8,699.99,1920.0,1080.0,141.21199808219862,0,0,Intel Core i7,AMD
HP,15.6,16,1000,Windows,3.93,879.99,1920.0,1080.0,141.21199808219862,0,0,Intel Core i7,Intel 
Dell,14.0,12,512,Windows,3.42,699.99,1920.0,1080.0,157.3505121487356,0,1,Intel Core i7,Intel 
HP,14.0,4,128,Chrome OS,4.44,159.99,1366.0,768.0,111.93520355955211,0,0,Pentium Processor,Intel 
Acer,14.0,8,512,Windows,4.7,682.91,1920.0,1080.0,157.3505121487356,0,0,Intel Core i5,Intel 
Ist computers,14.0,32,1024,Windows,5.29,969.99,1920.0,1080.0,157.3505121487356,0,0,Intel Core i5,Intel 
HP,17.3,16,512,Windows,6.54,649.99,1920.0,1080.0,127.33567457123111,0,0,Intel Core i3,Intel 
Dell,14.0,8,256,Windows,3.79,699.0,1920.0,1080.0,157.3505121487356,0,1,Intel Core i5,Intel 
HP,13.0,8,1024,Windows,5.41,899.0,1920.0,1080.0,169.45439769863833,0,1,Intel Core i7,Intel 
Lenovo,14.0,8,256,Windows,3,1337.63,1920.0,1080.0,157.3505121487356,0,1,Intel Core i5,Intel 
HP,15.6,16,4,Windows,5.04,857.0,1920.0,1080.0,141.21199808219862,1,0,AMD Processor,NVIDIA
Toshiba,15.6,12,1024,Windows,4.85,699.99,1366.0,768.0,100.45466986113651,0,0,Intel Core i7,Intel 
Dell,15.6,16,1024,Windows,7.07,699.99,1920.0,1080.0,141.21199808219862,1,0,Intel Core i7,NVIDIA
HP,14.0,4,64,Windows,3.17,289.0,1366.0,768.0,111.93520355955211,0,0,Celeron Processor,Intel 
HP,11.0,4,512,Chrome OS,4.09,149.97,1366.0,768.0,142.46298634852087,0,0,Intel Core i7,Intel 
HP,15.6,8,256,Windows,5.54,699.99,1366.0,768.0,100.45466986113651,0,0,Intel Core i5,Intel 
ASUS,11.6,4,32,Chrome OS,2.6,699.99,1366.0,768.0,135.0942111925629,0,0,Celeron Processor,Intel 
Lenovo,14.1,4,128,Windows,8,209.0,1920.0,1080.0,156.23455106966654,0,0,Intel Core i7,Intel 
Toughbook,13.1,16,256,Windows,10.43,1499.99,1024.0,768.0,97.70992366412214,0,0,Intel Core i5,Intel 
Dell,14.0,8,512,Windows,3.3,753.77,1920.0,1080.0,157.3505121487356,0,0,Intel Core i7,Intel 
Acer,11.6,4,512,Chrome OS,2.87,332.04,1366.0,768.0,135.0942111925629,0,1,Celeron Processor,Intel 
HP,15.6,20,1024,Windows,8,699.99,1920.0,1080.0,141.21199808219862,1,0,Intel Core i5,NVIDIA
Dell,15.6,64,2000,Windows,8,2199.0,1920.0,1080.0,141.21199808219862,0,0,Intel Core i9,NVIDIA
LANRUO,6.0,8,128,Windows,1.03,639.99,1280.0,720.0,244.7674633424776,0,0,Celeron Processor,Intel 
Acer,14.0,16,512,Windows,3.2,991.22,1920.0,1080.0,157.3505121487356,0,0,Intel Core i7,Intel 
Dell,15.6,16,1024,Windows,29,2999.99,3456.0,2160.0,261.2487082723367,0,1,Intel Core i9,NVIDIA
Lenovo,14.0,8,256,Windows,5,379.1,1920.0,1080.0,157.3505121487356,0,0,Intel Core i5,Intel 
Dell,17.3,64,1000,Windows,6.65,699.99,3840.0,1080.0,230.57715799206466,1,0,Intel Core i7,NVIDIA
HP,14.0,16,512,Windows,3.04,479.99,1920.0,1080.0,157.3505121487356,0,0,Intel Core i5,Intel 
LG,16.0,16,2048,Windows,3.26,1249.0,2560.0,1600.0,188.67962264113208,0,0,Intel Core i7,Intel 
Acer,15.6,8,256,Windows,7,699.99,1920.0,1080.0,141.21199808219862,0,0,Intel Core i5,Intel 
Dell,14.0,16,512,Windows,5.53,997.77,2560.0,1600.0,215.6338544470081,0,1,Intel Core i7,Intel 
HP,15.6,16,1024,Windows,7,699.99,1920.0,1080.0,141.21199808219862,0,1,Intel Core i7,NVIDIA
HP,14.0,4,512,Windows,6.65,1973.05,1920.0,1200.0,161.72539083525606,0,1,Intel Core i7,Intel 
Lenovo,14.0,16,512,Windows,1,1287.18,1920.0,1200.0,161.72539083525606,0,0,AMD Processor,AMD
HP,16.1,32,2000,Windows,5.18,1799.0,1920.0,1080.0,136.82653230324834,1,0,Intel Core i7,NVIDIA
Dell,14.0,32,1024,Windows,2.99,495.0,1920.0,1080.0,157.3505121487356,0,0,Intel Core i7,Intel 
ASUS,11.6,4,32,Chrome OS,2.6,390.0,1366.0,768.0,135.0942111925629,0,0,Celeron Processor,Intel 
dynabook,15.6,8,256,Windows,5.65,873.84,1366.0,768.0,100.45466986113651,0,0,Intel Core i5,Intel 
HYUNDAI,15.6,16,960,Others/Linux/Mac OS,1.92,53.99,1920.0,1080.0,141.21199808219862,0,0,Intel Core i7,Intel 
Dell,13.3,16,256,Windows,4.2,1594.0,1920.0,1080.0,165.6321180513006,0,0,Intel Core i5,Intel 
Lenovo,11.6,4,32,Chrome OS,2.66,99.55,1366.0,768.0,135.0942111925629,0,0,Celeron Processor,Intel 
HP,14.0,4,512,Windows,5.1,377.79,1366.0,768.0,111.93520355955211,0,0,Celeron Processor,Intel 
Fusion5,14.1,4,128,Windows,2.78,699.99,1920.0,1080.0,156.23455106966654,0,0,Celeron Processor,Intel 
MSI,15.6,16,512,Windows,4.96,1235.71,1920.0,1080.0,141.21199808219862,1,0,Intel Core i7,NVIDIA
HP,11.6,4,512,Others/Linux/Mac OS,8,214.88,1920.0,1080.0,189.90579052433606,0,1,Celeron Processor,Intel 
Lenovo,14.0,16,512,Others/Linux/Mac OS,8,1793.84,1920.0,1080.0,157.3505121487356,0,0,Intel Core i7,Intel 
Lenovo,14.0,8,256,Windows,3.24,883.66,1920.0,1080.0,157.3505121487356,0,1,Intel Core i5,Intel 
Dell,13.3,16,512,Windows,4.25,1900.99,1920.0,1080.0,165.6321180513006,0,0,Intel Core i7,Intel 
Lenovo,16.0,16,512,Windows,4,699.99,1920.0,1200.0,141.50971698084905,0,0,Intel Core i7,Intel 
Core Innovations,14.1,4,64,Windows,2.7,149.99,1366.0,768.0,111.1413368676404,0,0,Celeron Processor,Intel 
Razer,17.3,16,1024,Windows,6.06,2275.94,2560.0,1440.0,169.78089942830815,1,0,Intel Core i7,NVIDIA
HP,10.1,32,32,Windows,2.4,331.0,1280.0,800.0,149.44920605238187,0,1,Other Intel Processor,Intel 
HP,11.6,4,512,Chrome OS,2,345.57,1366.0,768.0,135.0942111925629,0,0,Intel Core i7,Intel 
Lenovo,14.0,4,128,Windows,8,699.99,1920.0,1080.0,157.3505121487356,0,1,AMD Processor,AMD
Acer,15.6,8,512,Windows,3.88,691.8,1920.0,1080.0,141.21199808219862,0,0,AMD Processor,AMD
Durabook,14.0,16,512,Windows,8,3999.99,1920.0,1080.0,157.3505121487356,0,1,Intel Core i7,Intel 
Dell,17.0,32,2048,Windows,5.36,699.99,2560.0,1600.0,177.58082130930077,0,0,Intel Core i7,Intel 
Apple,13.6,8,256,Others/Linux/Mac OS,8,699.99,1920.0,1080.0,161.97846838840428,0,0,Intel Core i7,Intel 
HP,14.0,4,64,Windows,4,699.99,1366.0,768.0,111.93520355955211,0,0,Celeron Processor,Intel 
ASUS,13.3,16,512,Windows,2.2,1539.0,3840.0,2160.0,331.2642361026012,0,0,Intel Core i7,Intel 
ASUS,15.6,32,512,Windows,4.46,2999.99,1920.0,1080.0,141.21199808219862,1,0,Intel Core i7,NVIDIA
Acer,15.6,16,512,Windows,8,1583.8,2560.0,1600.0,193.5175616832124,1,0,Intel Core i7,NVIDIA
Lenovo,13.3,8,256,Windows,8,699.99,1920.0,1080.0,165.6321180513006,0,1,Intel Core i5,Intel 
Dell,15.6,16,256,Windows,6.35,1419.62,1920.0,1080.0,141.21199808219862,0,0,Intel Core i7,Intel 
Razer,15.6,16,1024,Windows,4.4,1999.99,1920.0,1080.0,141.21199808219862,1,0,Intel Core i7,Intel 
Dell,15.6,8,512,Windows,4.26,1385.77,1920.0,1080.0,141.21199808219862,0,0,Intel Core i7,NVIDIA
HP,17.3,32,1024,Windows,7,699.99,1920.0,1080.0,127.33567457123111,0,0,Intel Core i5,Intel 
Acer,13.0,4,64,Windows,8,159.99,1920.0,1080.0,169.45439769863833,0,1,Intel Core i7,Intel 
Dell,16.0,32,1024,Windows,8,699.99,1920.0,1200.0,141.50971698084905,0,0,Intel Core i7,Intel 
Dell,17.0,32,1000,Windows,8,699.99,3840.0,1080.0,234.64616666251288,0,0,Intel Core i9,NVIDIA
HP,11.6,4,512,Chrome OS,2.73,260.38,1366.0,768.0,135.0942111925629,0,0,Celeron Processor,Intel 
LG,17.0,32,2048,Windows,2.98,1793.72,2560.0,1600.0,177.58082130930077,0,0,Intel Core i7,Intel 
Dell,17.3,32,512,Windows,6.65,3614.37,1920.0,1080.0,127.33567457123111,0,0,Intel Core i7,NVIDIA
Lenovo,14.0,12,512,Windows,3.3,789.12,1920.0,1080.0,157.3505121487356,0,0,Intel Core i7,Intel 
Dell,15.6,16,512,Windows,8,699.89,1920.0,1080.0,141.21199808219862,0,0,AMD Processor,AMD
Corsair,16.0,16,16,Windows,5.28,1499.99,2560.0,1600.0,188.67962264113208,1,0,AMD Processor,AMD
Lenovo,14.0,16,512,Windows,4.85,1526.43,1920.0,1200.0,161.72539083525606,0,0,Intel Core i7,Intel 
Alienware,17.3,16,1024,Windows,29,3999.0,1920.0,1080.0,127.33567457123111,1,0,Intel Core i7,NVIDIA
Dell,15.6,8,500,Windows,4.1,1148.77,1920.0,1080.0,141.21199808219862,0,0,Intel Core i5,Intel 
HP,15.6,32,1024,Windows,3.78,1031.0,1920.0,1080.0,141.21199808219862,0,1,Intel Core i7,Intel 
Lenovo,15.6,8,256,Windows,5,599.99,1920.0,1080.0,141.21199808219862,0,0,AMD Processor,AMD
Dell,15.6,16,256,Windows,6.6,1327.77,1920.0,1080.0,141.21199808219862,0,0,Intel Core i7,Intel 
Lenovo,15.6,8,256,Windows,7,699.99,1920.0,1080.0,141.21199808219862,0,0,Intel Core i3,Intel 
ASUS,13.3,8,512,Windows,2.87,699.99,1920.0,1080.0,165.6321180513006,0,0,Intel Core i5,Intel 
ASUS,13.3,16,512,Windows,2.4,699.99,1920.0,1080.0,165.6321180513006,0,1,Intel Core i7,Intel 
Acer,15.6,4,512,Chrome OS,3.53,369.75,1920.0,1080.0,141.21199808219862,0,0,Celeron Processor,Intel 
Lenovo,15.6,20,1024,Windows,7,699.99,1920.0,1080.0,141.21199808219862,0,0,Intel Core i3,Intel 
Dell,15.6,8,500,Windows,7.15,189.99,1920.0,1080.0,141.21199808219862,0,0,Intel Core i7,Intel 
MSI,17.3,16,1024,Windows,9.9,699.99,1920.0,1080.0,127.33567457123111,1,0,Intel Core i7,Intel 
Dell,15.6,32,1000,Windows,29,2193.0,3456.0,1080.0,232.10383312024905,0,0,Intel Core i7,NVIDIA
HP,11.6,4,128,Others/Linux/Mac OS,8,429.0,1920.0,1080.0,189.90579052433606,0,0,Other Intel Processor,Intel 
MSI,15.6,16,256,Windows,4.1,882.9,1920.0,1080.0,141.21199808219862,1,0,Intel Core i5,NVIDIA
ASUS,17.3,16,1024,Windows,10.58,1769.99,1920.0,1080.0,127.33567457123111,1,0,AMD Processor,NVIDIA
HP,14.0,4,64,Windows,4.55,189.99,1366.0,768.0,111.93520355955211,0,0,Intel Core i7,Intel 
Dell,16.0,40,1024,Windows,8,699.99,1920.0,1080.0,137.68169813014364,0,0,Intel Core i7,NVIDIA
LG,17.0,16,2048,Windows,2.98,1799.26,2560.0,1600.0,177.58082130930077,0,0,Intel Core i7,Intel 
HP,14.0,8,8,Chrome OS,5,858.52,1920.0,1080.0,157.3505121487356,0,1,Other Intel Processor,Intel 
ASUS,15.6,8,128,Windows,4.41,429.0,1366.0,768.0,100.45466986113651,0,0,Intel Core i7,AMD
HP,16.0,16,256,Windows,6,1584.99,1920.0,1200.0,141.50971698084905,0,0,Intel Core i5,Intel 
ASUS,15.6,8,512,Windows,5.5,649.99,1920.0,1080.0,141.21199808219862,0,0,Intel Core i5,Intel 
Lenovo,15.6,16,512,Windows,3.75,699.99,1920.0,1080.0,141.21199808219862,0,0,Intel Core i5,Intel 
Dell,15.6,16,512,Windows,6.4,1195.0,1920.0,1080.0,141.21199808219862,0,1,Intel Core i7,Intel 
Lenovo,14.0,16,1024,Windows,3,464.01,1920.0,1080.0,157.3505121487356,0,0,Intel Core i7,Intel 
HP,13.3,8,256,Windows,4.3,553.5,1920.0,1080.0,165.6321180513006,0,0,Intel Core i5,Intel 
Dell,15.6,32,512,Windows,8,699.99,1920.0,1080.0,141.21199808219862,0,0,Intel Core i7,Intel 
Lenovo,14.0,16,512,Windows,2.49,1200.0,1920.0,1080.0,157.3505121487356,0,0,Intel Core i7,Intel 
Dell,15.6,32,512,Windows,3.88,398.99,1920.0,1080.0,141.21199808219862,0,0,Intel Core i7,Intel 
Lenovo,17.3,8,512,Windows,1.04,699.99,1920.0,1080.0,127.33567457123111,0,0,Intel Core i5,Intel 
Dell,16.0,16,1000,Windows,4.46,1116.99,1920.0,1080.0,137.68169813014364,0,0,Intel Core i7,NVIDIA
HP,14.0,8,256,Windows,3.24,699.99,1366.0,768.0,111.93520355955211,0,1,AMD Processor,AMD
HP,14.0,16,512,Windows,4.65,1858.04,1920.0,1200.0,161.72539083525606,0,1,Intel Core i5,Intel 
HP,11.6,4,32,Chrome OS,2.36,179.0,1366.0,768.0,135.0942111925629,0,0,Intel Core i7,Intel 
HP,15.6,20,512,Windows,3.75,699.99,1366.0,768.0,100.45466986113651,0,0,AMD Processor,AMD
Dell,13.3,8,256,Windows,3.45,908.9,1920.0,1080.0,165.6321180513006,0,1,Intel Core i3,Intel 
Toshiba,15.6,12,1024,Windows,4.85,699.99,3840.0,2160.0,282.42399616439724,0,0,Intel Core i7,Intel 
Lenovo,15.6,8,512,Windows,5.04,549.12,1366.0,768.0,100.45466986113651,0,1,Intel Core i5,Intel 
GPDBRANDSTORE,8.0,16,1024,Windows,1.61,1349.0,1920.0,1200.0,283.0194339616981,0,0,Intel Core i7,Intel 
LENOVO TOPSELLER WORKSTATION,15.6,16,512,Windows,8.93,1199.99,1920.0,1080.0,141.21199808219862,0,0,Intel Core i7,Intel 
ASUS,14.0,8,512,Windows,3.31,845.99,1920.0,1200.0,161.72539083525606,0,0,AMD Processor,AMD
Lenovo,14.0,32,512,Windows,4.45,2173.37,1920.0,1200.0,161.72539083525606,0,1,Intel Core i7,Intel 
Toshiba,15.0,8,1024,Windows,0.01,349.0,1366.0,768.0,104.47285665558198,0,0,Intel Core i5,Intel 
Dell,15.6,32,512,Windows,4.52,1999.0,1920.0,1200.0,145.1381712624093,0,0,Intel Core i7,NVIDIA
HP,14.0,4,64,Windows,0.518,275.95,1920.0,1080.0,157.3505121487356,0,0,Celeron Processor,Intel 
SAMSUNG,11.0,4,16,Chrome OS,3.65,79.99,1920.0,1080.0,200.26428818929983,0,0,Celeron Processor,Intel 
Dell,15.6,64,1024,Windows,5.14,1169.77,1920.0,1080.0,141.21199808219862,0,0,Intel Core i7,Intel 
Lenovo,15.6,16,1024,Windows,7,699.99,1920.0,1080.0,141.21199808219862,0,1,Intel Core i7,Intel 
Acer,15.6,16,512,Windows,8,1677.05,2560.0,1600.0,193.5175616832124,1,0,Intel Core i7,NVIDIA
Lenovo,11.6,4,64,Chrome OS,2.6,225.0,1366.0,768.0,135.0942111925629,0,1,Intel Core i7,Intel 
MSI,15.6,16,1024,Windows,4.1,699.99,1920.0,1080.0,141.21199808219862,1,0,Intel Core i5,NVIDIA
HP,15.6,8,256,Windows,1.7,355.0,1366.0,768.0,100.45466986113651,0,0,Intel Core i3,Intel 
HP,14.0,4,64,Windows,3.24,699.99,1366.0,768.0,111.93520355955211,0,0,Celeron Processor,Intel 
Acer,14.0,16,256,Windows,3.6,925.0,1920.0,1080.0,157.3505121487356,0,0,Intel Core i5,Intel 
HP,15.0,8,256,Windows,4,299.99,1366.0,768.0,104.47285665558198,0,0,Intel Core i3,Intel 
HP,13.3,16,256,Windows,4.47,1314.99,1920.0,1080.0,165.6321180513006,0,0,Intel Core i5,Intel 
Dell,15.6,8,2048,Windows,5.07,649.0,1366.0,768.0,100.45466986113651,0,1,Intel Core i5,Intel 
Dell,15.6,64,1000,Windows,8.93,1499.0,3840.0,2400.0,290.2763425248186,0,1,Intel Core i7,NVIDIA
HP,14.0,16,512,Windows,5,1853.0,1920.0,1080.0,157.3505121487356,0,0,Intel Core i7,Intel 
Lenovo,11.6,4,64,Windows,4.01,149.99,1366.0,768.0,135.0942111925629,0,0,AMD Processor,AMD
ASUS,11.0,4,500,Windows,3,699.99,1366.0,768.0,142.46298634852087,0,0,Intel Core i3,Intel 
HP,17.3,32,1024,Windows,5.25,699.99,1600.0,900.0,106.11306214269258,0,0,Intel Core i7,Intel 
ASUS,14.0,4,32,Chrome OS,2.7,283.62,1366.0,768.0,111.93520355955211,0,0,Celeron Processor,Intel 
HP,15.6,32,1024,Windows,5.75,1647.86,1920.0,1080.0,141.21199808219862,0,1,AMD Processor,AMD
Acer,14.0,8,256,Chrome OS,5.45,749.27,1920.0,1080.0,157.3505121487356,0,1,AMD Processor,AMD
Dell,14.0,8,256,Windows,8,1745.0,1920.0,1080.0,157.3505121487356,0,0,Intel Core i7,Intel 
Dell,15.6,16,256,Windows,5,699.99,1920.0,1080.0,141.21199808219862,1,0,Intel Core i7,NVIDIA
ASUS,15.6,16,1024,Windows,5.67,2765.17,1920.0,1080.0,141.21199808219862,1,0,Intel Core i7,NVIDIA
ASUS,17.3,16,512,Windows,6.5,2524.72,1920.0,1080.0,127.33567457123111,1,0,Intel Core i7,NVIDIA
HP,15.6,32,2048,Windows,5.06,910.42,1920.0,1080.0,141.21199808219862,1,0,Intel Core i5,NVIDIA
HP,14.0,16,512,Windows,4.64,699.99,1920.0,1080.0,157.3505121487356,0,0,Intel Core i5,Intel 
Lenovo,11.6,32,32,Chrome OS,2.66,140.0,1366.0,768.0,135.0942111925629,0,0,Intel Core i7,Intel 
Dell,15.6,32,512,Windows,4.48,699.99,1920.0,1080.0,141.21199808219862,0,0,Intel Core i7,Intel 
Lenovo,14.0,4,512,Windows,4,244.0,1920.0,1080.0,157.3505121487356,0,0,Intel Core i3,Intel 
Lenovo,14.0,8,256,Windows,3.7,699.99,1920.0,1080.0,157.3505121487356,0,0,Intel Core i5,Intel 
Dell,15.6,16,512,Windows,3.6,699.99,1920.0,1080.0,141.21199808219862,0,0,Intel Core i7,Intel 
Alienware,17.0,16,1024,Windows,5.51,2299.0,1920.0,1080.0,129.58277471072344,1,0,Intel Core i7,NVIDIA
ASUS,15.6,8,1024,Windows,6,996.3,1920.0,1080.0,141.21199808219862,0,0,Intel Core i7,NVIDIA
Dell,15.6,64,2000,Windows,8,2799.95,1920.0,1080.0,141.21199808219862,1,0,Intel Core i9,NVIDIA
Toshiba,12.5,4,128,Windows,4.9,1516.02,1920.0,1080.0,176.23257360658386,0,0,Intel Core i7,Intel 
HP,14.0,16,512,Windows,3.33,699.99,1366.0,768.0,111.93520355955211,0,0,AMD Processor,AMD
Lenovo,15.6,16,512,Windows,4.85,699.99,1920.0,1080.0,141.21199808219862,1,0,Intel Core i7,NVIDIA
Razer,18.0,32,1024,Windows,6.8,3199.99,2560.0,1600.0,167.71522012545074,1,0,Intel Core i9,NVIDIA
LG,16.0,8,1024,Windows,6.54,677.15,2560.0,1600.0,188.67962264113208,0,0,Intel Core i7,Intel 
Lenovo,16.0,16,256,Windows,6.2,978.8,1920.0,1200.0,141.50971698084905,0,0,AMD Processor,AMD
HP,14.0,16,512,Windows,4.6,2799.99,1920.0,1080.0,157.3505121487356,0,0,Intel Core i7,Intel 
Dell,14.0,16,512,Windows,4.8,1720.87,1920.0,1080.0,157.3505121487356,0,1,Intel Core i5,Intel 
Dell,15.6,8,256,Windows,3.93,569.99,1920.0,1080.0,141.21199808219862,0,0,Intel Core i5,Intel 
Lenovo,16.0,16,1024,Windows,6.2,699.99,1920.0,1200.0,141.50971698084905,0,0,Intel Core i7,Intel 
HP,15.6,12,512,Windows,4.92,823.01,1920.0,1080.0,141.21199808219862,1,0,Intel Core i5,NVIDIA
Dell,14.0,16,512,Others/Linux/Mac OS,2.99,845.0,1920.0,1080.0,157.3505121487356,0,0,Intel Core i7,Intel 
Lenovo,15.6,16,1024,Windows,4.96,810.0,1920.0,1080.0,141.21199808219862,1,0,Intel Core i5,Intel 
Intel,2.5,3,120,Others/Linux/Mac OS,13,58.68,1920.0,1080.0,881.1628680329193,0,0,Intel Core i7,Intel 
HP,15.6,16,1024,Windows,3.92,470.0,1920.0,1080.0,141.21199808219862,0,0,Celeron Processor,Intel 
HP,14.0,16,256,Windows,4.7,2399.0,1920.0,1080.0,157.3505121487356,0,1,Intel Core i7,Intel 
Lenovo,11.6,2,32,Windows,1,699.99,1920.0,1080.0,189.90579052433606,0,0,Intel Core i7,Intel 
Lenovo,14.0,4,64,Windows,4.4,699.99,1366.0,768.0,111.93520355955211,0,0,Celeron Processor,Intel 
ASUS,15.6,8,256,Windows,5.1,819.99,1920.0,1080.0,141.21199808219862,1,0,AMD Processor,NVIDIA
Dell,14.0,8,256,Windows,6,699.99,1920.0,1080.0,157.3505121487356,0,0,AMD Processor,AMD
Lenovo,14.0,32,1024,Windows,4.97,1227.95,1920.0,1200.0,161.72539083525606,0,0,AMD Processor,AMD
Dell,14.0,16,512,Windows,5.3,1383.38,1920.0,1080.0,157.3505121487356,0,0,Intel Core i7,Intel 
HP,14.0,4,512,Windows,3.96,225.0,1920.0,1080.0,157.3505121487356,0,0,Intel Core i7,Intel 
Lenovo,16.0,32,1024,Windows,4,2329.99,2560.0,1600.0,188.67962264113208,0,0,Intel Core i7,NVIDIA
Acer,15.6,16,512,Windows,6.7,761.08,1920.0,1080.0,141.21199808219862,0,0,Intel Core i5,Intel 
Dell,17.3,8,1024,Windows,7.88,999.0,1920.0,1080.0,127.33567457123111,0,0,Intel Core i5,Intel 
Dell,15.6,4,250,Windows,8.7,699.99,1920.0,1080.0,141.21199808219862,0,0,Other Intel Processor,Intel 
Microsoft,12.3,16,256,Windows,5.62,1225.0,2400.0,1600.0,234.50740003017813,0,1,Intel Core i5,Intel 
Dell,14.0,8,256,Windows,4.9,699.99,1920.0,1080.0,157.3505121487356,0,0,Intel Core i5,Intel 
SAMSUNG,12.2,4,512,Chrome OS,2.91,137.77,1920.0,1080.0,180.56616148215562,0,0,Intel Core i7,Intel 
HP,15.6,16,512,Windows,4.5,699.99,3840.0,2160.0,282.42399616439724,0,0,Intel Core i7,Intel 
MSI,17.3,32,512,Windows,5.4,3099.0,1920.0,1080.0,127.33567457123111,1,0,Intel Core i7,Intel 
Sony,15.5,4,320,Windows,5.9,699.99,1920.0,1080.0,142.12304323111601,0,0,Other Intel Processor,Intel 
HP,15.6,4,750,Windows,7,699.99,1366.0,768.0,100.45466986113651,0,0,AMD Processor,Intel 
Dell,15.6,8,512,Windows,5.18,899.0,1920.0,1080.0,141.21199808219862,1,0,Intel Core i5,NVIDIA
Dell,15.6,32,1024,Windows,6,699.99,1920.0,1080.0,141.21199808219862,0,1,AMD Processor,AMD
Lenovo,15.6,16,512,Windows,4.19,1369.49,3840.0,2160.0,282.42399616439724,0,0,Intel Core i7,NVIDIA
SAMSUNG,11.6,2,16,Chrome OS,2.54,290.0,1366.0,768.0,135.0942111925629,0,0,Other Intel Processor,Intel 
Dell,15.6,16,256,Windows,3.4,1765.68,1920.0,1080.0,141.21199808219862,0,0,Intel Core i5,Intel 
Acer,14.0,16,512,Windows,3.6,1504.32,1920.0,1080.0,157.3505121487356,0,0,Intel Core i7,Intel 
Lenovo,14.0,16,512,Windows,3,1285.0,1920.0,1080.0,157.3505121487356,0,0,Intel Core i5,Intel 
Lenovo,15.6,16,512,Windows,4.9,699.99,1920.0,1080.0,141.21199808219862,0,0,Intel Core i7,AMD
Intel,15.6,16,512,Others/Linux/Mac OS,8,699.99,1920.0,1080.0,141.21199808219862,0,0,Intel Core i5,Intel 
HP,15.6,32,1024,Windows,3.75,699.99,1920.0,1080.0,141.21199808219862,0,1,Intel Core i7,Intel 
Lenovo,14.0,16,2048,Windows,7,1699.0,1920.0,1200.0,161.72539083525606,0,0,AMD Processor,AMD
HP,11.6,4,64,Windows,3.87,269.99,1366.0,768.0,135.0942111925629,0,0,Celeron Processor,Intel 
Alienware,15.6,8,1000,Windows,8,1999.44,1920.0,1080.0,141.21199808219862,1,0,Intel Core i5,NVIDIA
Lenovo,14.0,16,512,Windows,5,2077.27,1920.0,1200.0,161.72539083525606,0,1,Intel Core i5,Intel 
HP,15.6,64,1024,Windows,6.4,699.99,1920.0,1080.0,141.21199808219862,0,0,Intel Core i9,Intel 
Lenovo,14.0,8,256,Windows,3.52,899.0,1920.0,1080.0,157.3505121487356,0,0,Intel Core i5,Intel 
Acer,17.3,16,512,Windows,6.39,2299.0,1920.0,1080.0,127.33567457123111,1,0,Intel Core i7,NVIDIA
Dell,15.6,16,512,Windows,3.71,699.99,1920.0,1080.0,141.21199808219862,0,0,AMD Processor,AMD
Lenovo,14.0,8,256,Windows,2.91,219.0,1920.0,1080.0,157.3505121487356,0,0,Intel Core i7,Intel 
HP,13.3,8,256,Windows,2.9,699.99,1920.0,1080.0,165.6321180513006,0,0,Other Intel Processor,Intel 
HP,14.0,16,256,Windows,4.7,1478.79,1920.0,1200.0,161.72539083525606,0,0,Intel Core i5,Intel 
HP,15.6,16,1024,Windows,7.9,699.99,1920.0,1080.0,141.21199808219862,0,1,Intel Core i5,Intel 
MSI,15.6,16,512,Windows,8.23,851.57,1920.0,1080.0,141.21199808219862,1,0,AMD Processor,Intel 
HP,14.0,16,256,Windows,4.85,1712.99,1920.0,1200.0,161.72539083525606,0,1,Intel Core i5,Intel 
ASUS,13.3,16,512,Windows,2.43,1140.13,1920.0,1080.0,165.6321180513006,0,0,Intel Core i7,Intel 
Acer,14.0,4,32,Windows,5.4,188.0,1920.0,1080.0,157.3505121487356,0,0,Celeron Processor,NVIDIA
Acer,16.1,16,512,Windows,3.75,999.99,1920.0,1080.0,136.82653230324834,0,0,Intel Core i7,Intel 
Dell,13.3,16,512,Windows,4.42,1883.52,1920.0,1080.0,165.6321180513006,0,0,Intel Core i7,Intel 
LG,16.0,16,1024,Windows,5,1359.99,1920.0,1080.0,137.68169813014364,0,0,Intel Core i7,Intel 
Dell,11.6,4,32,Windows,2.93,349.0,1920.0,1080.0,189.90579052433606,0,0,AMD Processor,AMD
HP,15.6,8,256,Windows,3.75,417.77,1920.0,1080.0,141.21199808219862,0,0,Intel Core i5,Intel 
HP,17.3,32,1024,Windows,5.3,790.93,1920.0,1080.0,127.33567457123111,0,0,Intel Core i5,Intel 
Dell,17.3,32,1000,Windows,6.65,699.99,3840.0,1080.0,230.57715799206466,0,0,Other Intel Processor,NVIDIA
Lenovo,15.6,12,512,Windows,3.87,699.99,1920.0,1080.0,141.21199808219862,0,1,Intel Core i7,Intel 
HP,15.0,8,512,Windows,4.4,484.06,1366.0,768.0,104.47285665558198,0,1,Intel Core i5,Intel 
HP,17.3,8,256,Windows,5.25,515.0,1920.0,1080.0,127.33567457123111,0,0,AMD Processor,AMD
HP,13.3,8,256,Windows,5.05,799.99,1920.0,1080.0,165.6321180513006,0,1,Intel Core i7,Intel 
HP,11.6,4,512,Chrome OS,2.36,168.97,1361.0,768.0,134.71865363099292,0,0,Intel Core i7,Intel 
Acer,14.0,8,128,Chrome OS,3.42,399.99,1366.0,768.0,111.93520355955211,0,0,Pentium Processor,Intel 
Lenovo,14.0,8,256,Windows,4.5,879.99,1920.0,1080.0,157.3505121487356,0,0,Intel Core i5,Intel 
Acer,14.0,16,512,Others/Linux/Mac OS,8,679.99,1920.0,1080.0,157.3505121487356,0,0,Intel Core i7,Intel 
MSI,17.3,32,1024,Windows,12.62,2499.0,2560.0,1440.0,169.78089942830815,1,0,Intel Core i9,Intel 
HP,14.0,16,512,Windows,4.7,1529.99,1920.0,1080.0,157.3505121487356,0,0,Intel Core i7,Intel 
MSI,16.0,16,1024,Windows,6,699.99,2560.0,1600.0,188.67962264113208,1,0,Intel Core i7,NVIDIA
HP,14.0,4,512,Chrome OS,3.19,359.99,1366.0,768.0,111.93520355955211,0,0,Celeron Processor,Intel 
Razer,13.3,16,512,Windows,3.1,2299.99,1920.0,1080.0,165.6321180513006,1,0,Intel Core i7,NVIDIA
Acer,17.3,8,512,Windows,8.68,889.0,1920.0,1080.0,127.33567457123111,1,0,Intel Core i5,NVIDIA
Dell,13.3,16,512,Windows,4.42,1648.78,1920.0,1080.0,165.6321180513006,0,0,Intel Core i7,Intel 
Best Notebooks,16.0,16,1024,Others/Linux/Mac OS,8,699.99,1920.0,1080.0,137.68169813014364,0,0,Intel Core i7,Intel 
Lenovo,15.6,16,1024,Windows,8,689.99,1920.0,1080.0,141.21199808219862,1,0,AMD Processor,NVIDIA
Dell,15.6,16,128,Windows,3.96,389.0,1366.0,768.0,100.45466986113651,0,0,Celeron Processor,Intel 
ASUS,14.0,4,64,Windows,3.3,315.0,1366.0,768.0,111.93520355955211,0,1,Celeron Processor,Intel 
ASUS,15.6,8,512,Windows,3.96,769.99,1920.0,1080.0,141.21199808219862,0,0,Intel Core i7,Intel 
Lenovo,14.0,4,32,Chrome OS,4.49,160.01,1366.0,768.0,111.93520355955211,0,0,Intel Core i7,Intel 
ASUS,11.6,2,32,Windows,2.2,699.99,1366.0,768.0,135.0942111925629,0,0,Intel Core i7,Intel 
Lenovo,14.0,16,1024,Windows,3.74,1082.69,1920.0,1080.0,157.3505121487356,0,0,Intel Core i5,Intel 
ASUS,15.6,16,512,Windows,3.97,929.99,1920.0,1080.0,141.21199808219862,0,0,Intel Core i7,Intel 
ASUS,15.6,8,512,Windows,6.6,799.99,1920.0,1080.0,141.21199808219862,0,0,Intel Core i5,Intel 
Dell,14.0,8,500,Windows,3.52,228.97,1366.0,768.0,111.93520355955211,0,0,Intel Core i7,Intel 
Lenovo,13.0,16,256,Windows,3.75,1699.0,2160.0,1350.0,195.93653120425253,0,0,Intel Core i7,Intel 
ROKC,15.6,16,1000,Windows,3.75,899.99,1920.0,1080.0,141.21199808219862,0,0,Intel Core i5,Intel 
Lenovo,13.3,8,256,Windows,4.4,921.68,2560.0,1600.0,226.98300468106115,0,1,Intel Core i5,Intel 
Lenovo,14.0,8,256,Windows,3.41,599.0,1920.0,1080.0,157.3505121487356,0,0,Intel Core i5,Intel 
Dell,15.6,16,256,Windows,4.84,946.0,1920.0,1080.0,141.21199808219862,0,1,Intel Core i7,Intel 
Lenovo,14.0,8,512,Windows,2.86,689.0,1920.0,1080.0,157.3505121487356,0,1,Intel Core i7,Intel 
Acer,15.6,16,512,Windows,5.51,1102.0,1920.0,1080.0,141.21199808219862,1,0,Intel Core i7,NVIDIA
HP,15.6,16,1024,Windows,8,699.99,1920.0,1080.0,141.21199808219862,0,0,AMD Processor,AMD
LG,17.0,32,2048,Windows,2.98,1799.99,2560.0,1600.0,177.58082130930077,0,0,Intel Core i7,Intel 
Dell,14.0,12,512,Windows,1,1183.56,1920.0,1080.0,157.3505121487356,0,1,Intel Core i7,Intel 
Lenovo,13.3,4,64,Chrome OS,2.99,430.0,1920.0,1080.0,165.6321180513006,0,1,Intel Core i3,Intel 
HP,16.0,16,512,Windows,6.08,1360.49,1920.0,1200.0,141.50971698084905,0,1,Intel Core i5,Intel 
HP,17.3,32,1024,Windows,9,699.99,1920.0,1080.0,127.33567457123111,0,1,Intel Core i7,NVIDIA
Best Notebooks,16.0,32,1024,Windows,8,2599.0,2560.0,1600.0,188.67962264113208,0,0,Intel Core i7,Intel 
Dell,15.6,16,512,Windows,8,699.99,1920.0,1080.0,141.21199808219862,0,1,Intel Core i5,Intel 
HP,15.6,12,2048,Windows,4.3,739.0,1366.0,768.0,100.45466986113651,0,0,Intel Core i5,Intel 
Lenovo,15.6,8,500,Windows,5.39,1199.0,1920.0,1080.0,141.21199808219862,0,0,Intel Core i5,Intel 
Dell,15.6,4,128,Windows,5.69,305.0,1366.0,768.0,100.45466986113651,0,0,Celeron Processor,Intel 
Acer,15.6,16,512,Windows,4.8,950.0,1920.0,1080.0,141.21199808219862,1,0,AMD Processor,NVIDIA
ASUS,15.6,4,64,Windows,3.59,239.0,1920.0,1080.0,141.21199808219862,0,0,Celeron Processor,Intel 
LG,16.0,16,512,Windows,2.6,1664.99,2560.0,1600.0,188.67962264113208,0,0,Intel Core i7,Intel 
SGIN,17.3,4,128,Others/Linux/Mac OS,6.54,699.99,1920.0,1080.0,127.33567457123111,0,0,Celeron Processor,Intel 
Lenovo,14.0,16,512,Others/Linux/Mac OS,3.2,1399.0,1920.0,1080.0,157.3505121487356,0,0,Intel Core i7,Intel 
Lenovo,15.6,4,1024,Windows,5,699.99,1366.0,768.0,100.45466986113651,0,0,Celeron Processor,Intel 
ASUS,16.0,32,1024,Windows,12.6,699.99,1920.0,1080.0,137.68169813014364,0,0,Intel Core i9,Intel 
SAMSUNG,11.6,4,32,Chrome OS,2.6,699.99,1366.0,768.0,135.0942111925629,0,0,Celeron Processor,Intel 
Dell,14.0,16,512,Windows,2.86,1269.77,1920.0,1080.0,157.3505121487356,0,0,Intel Core i7,Intel 
HP,11.6,4,512,Chrome OS,2.95,699.99,1366.0,768.0,135.0942111925629,0,0,Celeron Processor,Intel 
Lenovo,14.0,8,256,Windows,8,993.2,1920.0,1080.0,157.3505121487356,0,0,Intel Core i5,Intel 
Dell,15.6,8,512,Windows,5.9,388.0,1920.0,1080.0,141.21199808219862,0,0,AMD Processor,AMD
Best Notebooks,16.0,16,1024,Windows,8,699.99,3840.0,2400.0,283.0194339616981,0,0,Intel Core i7,Intel 
Dell,11.6,4,128,Windows,2.95,524.42,1366.0,768.0,135.0942111925629,0,0,Intel Core i7,Intel 
HP,15.6,16,256,Windows,5.64,1148.0,1920.0,1080.0,141.21199808219862,0,0,Intel Core i5,Intel 
HP,17.3,32,1024,Windows,4.6,849.99,1600.0,900.0,106.11306214269258,0,1,Intel Core i7,Intel 
Dell,13.3,8,128,Windows,3.4,938.04,1920.0,1080.0,165.6321180513006,0,1,Intel Core i5,Intel 
HP,17.3,16,256,Windows,5.25,599.99,1920.0,1080.0,127.33567457123111,0,0,Intel Core i3,Intel 
Dell,15.6,16,512,Windows,4.06,3284.31,1920.0,1200.0,145.1381712624093,0,0,Intel Core i7,NVIDIA
HP,15.6,4,750,Windows,4.9,339.0,1366.0,768.0,100.45466986113651,0,0,Pentium Processor,Intel 
Lenovo,14.0,8,512,Windows,3.1,999.0,1920.0,1080.0,157.3505121487356,0,0,Intel Core i7,Intel 
HP,14.0,4,64,Windows,4.51,198.99,1366.0,768.0,111.93520355955211,0,0,Intel Core i7,Intel 
Lenovo,11.6,4,512,Chrome OS,4.1,254.92,1366.0,768.0,135.0942111925629,0,0,Celeron Processor,Intel 
Panasonic,14.0,16,512,Windows,4.6,811.93,1920.0,1080.0,157.3505121487356,0,1,Intel Core i5,Intel 
HP,14.0,4,32,Windows,3.24,199.99,1366.0,768.0,111.93520355955211,0,0,Celeron Processor,Intel 
HP,13.5,16,512,Windows,4.84,3223.83,1920.0,1280.0,170.92983824421876,0,1,Intel Core i7,Intel 
Dell,13.3,16,256,Windows,5.69,899.99,1920.0,1080.0,165.6321180513006,0,0,Intel Core i7,Intel 
MSI,17.3,16,1024,Windows,4.8,583.75,1920.0,1080.0,127.33567457123111,1,0,Intel Core i5,NVIDIA
Acer,15.6,16,1024,Windows,7,699.99,1920.0,1080.0,141.21199808219862,0,0,AMD Processor,AMD
Apple,14.2,16,1024,Others/Linux/Mac OS,8,2447.5,1920.0,1080.0,155.13430775227454,0,0,Intel Core i7,Intel 
Lenovo,15.6,8,256,Windows,4.84,699.99,1366.0,768.0,100.45466986113651,0,1,Intel Core i7,Intel 
Dell,15.6,8,256,Windows,3.95,750.29,1366.0,768.0,100.45466986113651,0,0,Intel Core i3,Intel 
ASUS,14.0,8,512,Windows,2.65,840.7,1920.0,1080.0,157.3505121487356,0,0,Intel Core i7,Intel 
Lenovo,15.6,32,1024,Windows,6.32,1871.77,1920.0,1080.0,141.21199808219862,0,0,Intel Core i7,NVIDIA
MSI,15.6,16,1024,Windows,8.78,1599.0,1920.0,1080.0,141.21199808219862,1,0,Intel Core i7,NVIDIA
ASUS,14.0,16,1024,Others/Linux/Mac OS,8,699.99,1920.0,1080.0,157.3505121487356,1,0,AMD Processor,Intel 
Dell,17.0,16,512,Windows,4.65,2570.21,3840.0,2400.0,266.3712319639512,0,1,Intel Core i7,NVIDIA
Lenovo,15.6,8,128,Windows,4,355.66,1366.0,768.0,100.45466986113651,0,0,Intel Core i3,Intel 
ASUS,17.3,16,1024,Windows,5.73,1499.0,1920.0,1080.0,127.33567457123111,1,0,AMD Processor,NVIDIA
HP,14.0,4,512,Windows,4.39,118.99,1366.0,768.0,111.93520355955211,0,0,AMD Processor,AMD
Lenovo,15.6,12,512,Windows,3.66,699.99,1920.0,1080.0,141.21199808219862,0,1,Intel Core i7,Intel 
Lenovo,15.6,16,1024,Windows,4.08,699.99,1920.0,1080.0,141.21199808219862,0,0,Intel Core i7,Intel 
Lenovo,15.6,12,1024,Windows,8,699.99,1366.0,768.0,100.45466986113651,0,1,Intel Core i3,Intel 
Dell,15.6,16,512,Windows,4.01,699.99,1920.0,1080.0,141.21199808219862,0,0,Intel Core i7,Intel 
MSI,15.6,8,256,Windows,3.52,698.69,1920.0,1080.0,141.21199808219862,1,0,AMD Processor,Intel 
MSI,17.3,32,1024,Windows,11.28,2799.0,1920.0,1080.0,127.33567457123111,1,0,Intel Core i9,NVIDIA
ASUS,11.6,4,128,Others/Linux/Mac OS,8,699.99,1920.0,1080.0,189.90579052433606,0,0,Pentium Processor,Intel 
Lenovo,14.0,16,512,Windows,5.2,2699.0,1920.0,1080.0,157.3505121487356,0,1,Intel Core i7,NVIDIA
AimCare,14.0,8,512,Windows,3.3,459.0,1920.0,1080.0,157.3505121487356,0,0,Intel Core i5,Intel 
Lenovo,15.6,8,256,Windows,3.7,695.0,1920.0,1080.0,141.21199808219862,0,0,AMD Processor,Intel 
Apple,15.6,8,512,Others/Linux/Mac OS,8,699.99,1920.0,1080.0,141.21199808219862,0,0,Intel Core i7,Intel 
Lenovo,15.6,8,500,Windows,1.6,349.0,1600.0,900.0,117.67666506849883,0,0,Intel Core i7,Intel 
Dell,14.0,8,512,Windows,5.65,678.77,1920.0,1080.0,157.3505121487356,0,0,Intel Core i7,Intel 
HP,14.0,8,256,Windows,3.24,389.0,1920.0,1080.0,157.3505121487356,0,0,Intel Core i3,Intel 
Lenovo,15.6,8,512,Others/Linux/Mac OS,3.76,689.99,1920.0,1080.0,141.21199808219862,1,0,Intel Core i7,Intel 
MSI,17.3,16,512,Windows,7.49,1621.93,1920.0,1080.0,127.33567457123111,1,0,Intel Core i7,NVIDIA
Acer,15.6,8,256,Windows,4.63,699.99,1920.0,1080.0,141.21199808219862,0,0,AMD Processor,AMD
Lenovo,14.0,4,500,Windows,4.3,379.0,1366.0,768.0,111.93520355955211,0,0,Intel Core i5,Intel 
Dell,14.0,16,128,Windows,4.9,1499.0,1920.0,1080.0,157.3505121487356,0,0,Intel Core i5,Intel 
Dell,14.0,8,256,Windows,5,2296.24,1920.0,1080.0,157.3505121487356,0,0,Intel Core i5,Intel 
Alienware,15.6,16,1024,Windows,5.2,2499.0,1920.0,1080.0,141.21199808219862,1,0,Intel Core i7,NVIDIA
Lenovo,17.3,32,1024,Windows,10.98,699.99,1920.0,1080.0,127.33567457123111,1,0,AMD Processor,NVIDIA
Evoo,15.6,16,512,Windows,8.91,1196.79,1920.0,1080.0,141.21199808219862,1,0,AMD Processor,NVIDIA
MSI,15.6,8,512,Windows,6.05,1499.0,1920.0,1080.0,141.21199808219862,1,0,Intel Core i7,Intel 
HP,13.3,16,512,Windows,3.95,598.0,1920.0,1080.0,165.6321180513006,0,0,Intel Core i5,Intel 
Dell,14.0,16,256,Windows,3.88,219.0,1366.0,768.0,111.93520355955211,0,0,Intel Core i5,Intel 
Lenovo,13.3,8,256,Windows,4.3,819.0,1920.0,1200.0,170.23725351079585,0,0,Intel Core i7,Intel 
ASUS,15.6,16,1000,Windows,5.1,1999.0,1920.0,1080.0,141.21199808219862,1,0,Intel Core i7,NVIDIA
Alienware,17.3,32,32,Windows,15,6299.0,1920.0,1080.0,127.33567457123111,1,0,Intel Core i9,NVIDIA
Dell,14.0,8,512,Windows,3.6,816.71,1920.0,1080.0,157.3505121487356,0,0,Intel Core i5,Intel 
Lenovo,14.0,24,1024,Windows,7,699.99,1920.0,1080.0,157.3505121487356,0,0,AMD Processor,AMD
Lenovo,15.6,8,256,Windows,6.2,1199.0,1920.0,1080.0,141.21199808219862,0,0,Intel Core i5,Intel 
Dell,14.0,16,512,Windows,3.6,2167.99,2560.0,1600.0,215.6338544470081,0,1,Intel Core i7,Intel 
Acer,14.0,8,128,Chrome OS,3.42,660.99,1920.0,1080.0,157.3505121487356,0,0,AMD Processor,AMD
Dell,15.6,32,1000,Windows,8,2999.0,2560.0,1080.0,178.1082562749975,1,0,Intel Core i9,NVIDIA
Lenovo,15.6,8,512,Windows,6.3,788.9,1920.0,1080.0,141.21199808219862,0,1,Intel Core i5,Intel 
Microsoft,12.4,4,64,Windows,2.45,254.0,1536.0,1024.0,148.8743752449647,0,1,Intel Core i5,Intel 
ASUS,16.0,32,1024,Windows,10.6,2199.99,2560.0,1600.0,188.67962264113208,0,0,Intel Core i9,Intel 
Dell,13.3,8,256,Windows,2.64,1099.81,1920.0,1080.0,165.6321180513006,0,0,Other Intel Processor,Intel 
Lenovo,16.0,8,512,Windows,4.19,439.0,2560.0,1600.0,188.67962264113208,0,0,Intel Core i5,NVIDIA
Lenovo,14.0,16,256,Windows,4.9,1389.99,1920.0,1200.0,161.72539083525606,0,1,Intel Core i5,Intel 
Acer,14.0,8,256,Windows,3,479.0,1920.0,1080.0,157.3505121487356,0,0,Intel Core i5,Intel 
Lenovo,15.6,12,512,Windows,3.87,699.99,1920.0,1080.0,141.21199808219862,0,1,Intel Core i7,Intel 
Lenovo,14.0,16,256,Windows,8,653.72,1920.0,1080.0,157.3505121487356,0,1,Intel Core i7,Intel 
HP,14.0,16,512,Windows,5,1719.68,1920.0,1200.0,161.72539083525606,0,1,Intel Core i7,Intel 
Lenovo,14.0,16,512,Windows,5.55,919.69,1920.0,1080.0,157.3505121487356,0,1,Intel Core i5,Intel 
ASUS,14.0,8,512,Windows,5.24,499.99,1920.0,1200.0,161.72539083525606,0,0,AMD Processor,Intel 
HP,17.3,16,512,Windows,5.28,699.0,1920.0,1080.0,127.33567457123111,0,0,Intel Core i5,Intel 
Dell,13.4,32,2048,Windows,2.8,1999.0,3456.0,2160.0,304.14028724242183,0,1,Intel Core i7,Intel 
Dell,15.6,32,512,Windows,6.15,364.69,1920.0,1080.0,141.21199808219862,0,0,Intel Core i7,Intel 
Lenovo,15.6,16,256,Windows,4.65,699.99,1920.0,1080.0,141.21199808219862,0,0,Intel Core i7,NVIDIA
Lenovo,14.0,32,512,Windows,4.95,1670.99,3840.0,2400.0,323.45078167051213,0,1,AMD Processor,AMD
Dell,14.0,32,512,Windows,2.93,1659.0,1920.0,1080.0,157.3505121487356,0,0,Intel Core i7,Intel 
HP,15.6,16,512,Others/Linux/Mac OS,8,1292.76,1920.0,1080.0,141.21199808219862,0,1,AMD Processor,Intel 
HP,16.0,16,4096,Windows,7,2039.99,3072.0,1920.0,226.4155471693585,0,0,Intel Core i7,Intel 
Lenovo,13.3,8,256,Windows,2.84,699.99,3200.0,1800.0,276.053530085501,0,0,Intel Core i7,Intel 
HP,14.0,16,512,Windows,3.03,717.68,1920.0,1080.0,157.3505121487356,0,0,Intel Core i5,Intel 
MSI,14.0,16,512,Windows,4.64,699.99,1920.0,1080.0,157.3505121487356,1,0,Intel Core i5,NVIDIA
ASUS,17.3,16,1024,Windows,6.28,3399.0,1920.0,1080.0,127.33567457123111,1,0,Intel Core i7,NVIDIA
ASUS,14.0,32,1024,Windows,6.84,1699.99,1920.0,1080.0,157.3505121487356,0,0,Intel Core i7,NVIDIA
Acer,14.0,8,256,Windows,2.64,586.0,1920.0,1080.0,157.3505121487356,0,0,Intel Core i7,Intel 
LG,14.0,16,512,Windows,2.2,1499.99,2880.0,1800.0,242.5880862528841,0,0,Intel Core i7,Intel 
Lenovo,17.3,12,256,Windows,4.84,699.0,1600.0,900.0,106.11306214269258,0,0,Intel Core i5,Intel 
HP,14.0,4,64,Windows,3.16,324.9,1920.0,1080.0,157.3505121487356,0,0,Pentium Processor,Intel 
HP,17.3,8,256,Windows,4.84,599.99,1600.0,900.0,106.11306214269258,0,1,Intel Core i3,Intel 
Acer,14.0,4,32,Chrome OS,3.31,227.81,1920.0,1080.0,157.3505121487356,0,0,Celeron Processor,Intel 
ASUS,14.0,16,1024,Windows,2.87,899.99,1920.0,1080.0,157.3505121487356,0,0,AMD Processor,AMD
Alienware,15.6,16,512,Windows,5.93,2299.0,2560.0,1440.0,188.28266410959816,1,0,Intel Core i7,NVIDIA
Dell,15.6,8,256,Windows,5.14,384.63,1366.0,768.0,100.45466986113651,0,1,Intel Core i3,Intel 
Dell,15.0,16,512,Windows,3.3,1713.77,1920.0,1080.0,146.86047800548656,0,1,Intel Core i7,Intel 
Lenovo,15.6,8,128,Windows,4.84,699.99,1920.0,1080.0,141.21199808219862,0,0,AMD Processor,AMD
LG,17.0,16,1024,Windows,2.98,1177.98,2560.0,1600.0,177.58082130930077,0,0,Intel Core i7,Intel 
ASUS,16.0,8,512,Windows,6.84,699.99,1920.0,1200.0,141.50971698084905,0,0,AMD Processor,AMD
HP,15.6,32,1024,Windows,5.2,1299.99,1920.0,1080.0,141.21199808219862,1,0,Intel Core i7,NVIDIA
LG,16.0,16,512,Windows,5.09,1929.99,1920.0,1080.0,137.68169813014364,0,0,Intel Core i7,Intel 
Toughbook,14.0,8,256,Windows,8.58,749.99,1366.0,768.0,111.93520355955211,0,1,Intel Core i5,Intel 
HP,14.0,16,512,Windows,4.75,1683.73,1920.0,1200.0,161.72539083525606,0,1,Intel Core i7,Intel 
SAMSUNG,15.6,16,512,Windows,2.3,1099.88,1920.0,1080.0,141.21199808219862,0,0,Intel Core i7,Intel 
HP,15.0,4,128,Windows,4,229.99,1920.0,1080.0,146.86047800548656,0,0,AMD Processor,AMD
ASUS,15.6,8,512,Windows,4,849.99,1920.0,1080.0,141.21199808219862,0,0,Intel Core i7,Intel 
HP,15.6,16,512,Windows,5.9,699.99,1920.0,1200.0,145.1381712624093,0,0,Intel Core i7,Intel 
Acer,15.6,12,1024,Windows,5.24,699.99,1920.0,1080.0,141.21199808219862,0,0,Intel Core i5,Intel 
HP,15.6,16,1024,Windows,7,699.99,1920.0,1080.0,141.21199808219862,0,0,AMD Processor,AMD
Dell,17.0,32,1000,Windows,8,2289.99,3840.0,1080.0,234.64616666251288,0,0,Intel Core i7,NVIDIA
HP,14.0,8,8,Windows,3.5,279.99,1366.0,768.0,111.93520355955211,0,0,AMD Processor,Intel 
Lenovo,15.6,8,512,Windows,4,699.99,1080.0,1080.0,97.90709277967582,0,0,AMD Processor,AMD
Best Notebook,13.3,16,2048,Windows,2.2,3499.99,1920.0,1080.0,165.6321180513006,0,0,Intel Core i7,Intel 
LG,13.3,8,256,Windows,6,699.99,1920.0,1080.0,165.6321180513006,0,0,AMD Processor,AMD
MSI,15.6,32,1024,Windows,5.25,1549.0,1920.0,1080.0,141.21199808219862,1,0,Intel Core i7,NVIDIA
Lenovo,14.0,16,512,Windows,5.5,2134.68,1920.0,1200.0,161.72539083525606,0,1,Intel Core i7,Intel 
HP,13.5,16,256,Chrome OS,1,1562.08,1920.0,1280.0,170.92983824421876,0,1,Intel Core i7,Intel 
Dell,12.5,16,512,Windows,2.6,1259.99,1920.0,1080.0,176.23257360658386,0,0,Other Intel Processor,Intel 
MSI,15.6,16,512,Windows,4.1,699.99,1920.0,1080.0,141.21199808219862,1,0,Intel Core i5,NVIDIA
MSI,14.0,8,128,Windows,2.62,410.96,1920.0,1080.0,157.3505121487356,1,0,Intel Core i3,Intel 
Lenovo,17.3,8,256,Windows,4.84,566.99,1920.0,1080.0,127.33567457123111,0,0,Intel Core i5,Intel 
Alienware,18.4,8,1024,Windows,20.8,699.99,1920.0,1080.0,119.7232157653423,1,0,Intel Core i7,NVIDIA
HP,15.6,64,2048,Windows,3.76,699.99,1920.0,1080.0,141.21199808219862,0,1,Intel Core i7,Intel 
Best 2 in 1 Laptop,16.0,16,1024,Windows,3.93,2399.0,3840.0,2400.0,283.0194339616981,0,0,Intel Core i7,Intel 
Lenovo,15.6,8,512,Windows,8,1070.99,1920.0,1080.0,141.21199808219862,1,0,AMD Processor,NVIDIA
MSI,17.3,32,1024,Windows,11.28,699.99,1920.0,1080.0,127.33567457123111,1,0,Intel Core i9,NVIDIA
Lenovo,15.6,32,1024,Windows,3.9,3103.0,1920.0,1080.0,141.21199808219862,0,0,Intel Core i7,NVIDIA
SAMSUNG,15.6,16,256,Windows,2.5,1399.99,1920.0,1080.0,141.21199808219862,0,0,Intel Core i5,Intel 
HP,14.0,8,512,Windows,3.1,228.67,1366.0,768.0,111.93520355955211,0,0,Intel Core i7,Intel 
LG,14.0,16,512,Windows,2.2,956.99,1920.0,1200.0,161.72539083525606,0,0,Intel Core i7,Intel 
Acer,14.0,8,64,Chrome OS,3.02,457.63,1920.0,1080.0,157.3505121487356,0,0,Intel Core i7,Intel 
Acer,14.0,8,512,Windows,8,875.08,1920.0,1080.0,157.3505121487356,0,0,Intel Core i7,Intel 
HP,14.0,16,512,Windows,3.3,569.99,1366.0,768.0,111.93520355955211,0,0,Intel Core i5,Intel 
Lenovo,11.6,4,512,Chrome OS,2.64,179.99,1920.0,1080.0,189.90579052433606,0,1,Celeron Processor,Intel 
Dell,14.0,32,512,Windows,5,1490.77,1920.0,1080.0,157.3505121487356,0,0,Intel Core i7,Intel 
ASUS,15.6,8,128,Windows,5,699.99,1366.0,768.0,100.45466986113651,0,0,AMD Processor,AMD
Dell,15.6,16,512,Windows,6,1862.99,1920.0,1080.0,141.21199808219862,0,0,Intel Core i7,NVIDIA
Lenovo,15.6,8,512,Windows,5.94,829.99,1920.0,1080.0,141.21199808219862,1,0,Intel Core i7,NVIDIA
MSI,14.0,16,512,Windows,3.53,1299.0,1920.0,1080.0,157.3505121487356,1,0,Intel Core i3,Intel 
Lenovo,13.3,16,256,Windows,4.45,822.99,1920.0,1200.0,170.23725351079585,0,1,Intel Core i7,Intel 
Lenovo,15.6,16,1024,Windows,3.75,699.99,1920.0,1080.0,141.21199808219862,0,0,Intel Core i5,Intel 
Dell,13.4,16,1000,Windows,8,699.99,1920.0,1080.0,164.39605746882822,0,0,Intel Core i7,Intel 
MSI,16.0,32,2048,Windows,5,2552.78,1920.0,1080.0,137.68169813014364,1,0,Intel Core i9,NVIDIA
Dell,14.0,8,256,Windows,9.18,543.99,1366.0,768.0,111.93520355955211,0,0,Intel Core i7,Intel 
Dell,15.6,16,512,Windows,3.95,699.99,1920.0,1080.0,141.21199808219862,0,0,Intel Core i5,Intel 
LG,17.0,16,1024,Windows,2.98,1599.37,2560.0,1600.0,177.58082130930077,0,0,Intel Core i7,Intel 
Dell,15.6,16,512,Windows,6,699.99,1920.0,1080.0,141.21199808219862,0,1,AMD Processor,AMD
HP,13.3,16,512,Windows,3.9,1360.0,1280.0,800.0,113.49150234053057,0,0,Intel Core i5,Intel 
HP,15.6,16,512,Windows,9.38,699.99,1920.0,1080.0,141.21199808219862,0,0,Intel Core i5,Intel 
Fujitsu,15.6,16,512,Windows,8,42.68,1920.0,1080.0,141.21199808219862,0,0,Intel Core i7,Intel 
Dell,14.0,8,512,Windows,3.88,699.99,1920.0,1080.0,157.3505121487356,0,0,Intel Core i7,Intel 
Dell,13.3,32,512,Windows,4.55,999.99,1920.0,1080.0,165.6321180513006,0,0,Intel Core i7,Intel 
ASUS,15.6,8,256,Windows,4.8,736.99,1920.0,1080.0,141.21199808219862,1,0,AMD Processor,NVIDIA
Dell,14.0,16,512,Windows,8,1442.66,1920.0,1080.0,157.3505121487356,0,0,Intel Core i7,NVIDIA
Lenovo,14.0,16,256,Windows,4.15,1656.01,1920.0,1200.0,161.72539083525606,0,0,Intel Core i5,Intel 
HP,14.0,8,512,Windows,4.85,1131.77,1920.0,1080.0,157.3505121487356,0,0,Intel Core i7,Intel 
SAMSUNG,12.2,4,512,Chrome OS,11.2,274.0,1920.0,1200.0,185.58651407324467,0,0,Intel Core i7,Intel 
Acer,14.0,8,256,Windows,5.07,549.99,1920.0,1080.0,157.3505121487356,0,0,Intel Core i7,Intel 
Dell,17.0,64,512,Windows,6.66,4389.89,1920.0,1080.0,129.58277471072344,0,0,Intel Core i7,NVIDIA
SAMSUNG,14.0,4,32,Chrome OS,3.2,315.87,1366.0,768.0,111.93520355955211,0,0,Celeron Processor,Intel 
HP,15.6,16,512,Windows,3.86,699.99,1920.0,1080.0,141.21199808219862,0,1,Intel Core i5,Intel 
Lenovo,11.6,4,512,Windows,3,394.02,1366.0,768.0,135.0942111925629,0,0,Celeron Processor,Intel 
Lenovo,14.0,32,2048,Windows,7.9,699.99,1920.0,1080.0,157.3505121487356,0,0,Intel Core i7,Intel 
ASUS,14.0,16,2048,Windows,7,699.99,2880.0,1800.0,242.5880862528841,0,0,Intel Core i7,Intel 
Alienware,15.6,32,1024,Windows,5.93,1353.44,1920.0,1080.0,141.21199808219862,1,0,Intel Core i7,NVIDIA
HP,13.3,8,256,Windows,2.6,460.3,1920.0,1080.0,165.6321180513006,0,1,Intel Core i7,Intel 
Lenovo,11.6,8,128,Windows,3.39,519.0,1366.0,768.0,135.0942111925629,0,1,Celeron Processor,Intel 
Lenovo,11.6,4,64,Chrome OS,2.6,174.4,1366.0,768.0,135.0942111925629,0,1,Intel Core i7,Intel 
Lenovo,15.6,64,512,Windows,5.07,1449.99,2560.0,1440.0,188.28266410959816,1,0,Intel Core i7,NVIDIA
HP,15.6,8,256,Windows,3.75,523.0,1366.0,768.0,100.45466986113651,0,0,AMD Processor,AMD
HP,14.0,4,64,Windows,3.24,220.0,1366.0,768.0,111.93520355955211,0,0,AMD Processor,AMD
HP,15.6,8,256,Windows,6.49,630.0,1920.0,1080.0,141.21199808219862,0,0,Intel Core i5,Intel 
Microsoft,15.0,8,512,Windows,8,699.99,1920.0,1080.0,146.86047800548656,0,0,AMD Processor,NVIDIA
ASUS,17.3,16,1000,Windows,6.5,1999.0,1920.0,1080.0,127.33567457123111,1,0,Intel Core i7,NVIDIA
Dell,17.0,64,1024,Windows,8,2649.01,3840.0,2400.0,266.3712319639512,0,0,Intel Core i7,NVIDIA
Dell,15.6,8,256,Windows,5.7,599.99,1920.0,1080.0,141.21199808219862,0,0,Intel Core i5,Intel 
Dell,15.6,64,1000,Windows,3.99,699.99,3840.0,1080.0,255.70415597837942,0,0,Intel Core i9,NVIDIA
HP,17.3,8,512,Windows,5.25,452.0,1920.0,1080.0,127.33567457123111,0,0,Intel Core i7,AMD
SAMSUNG,12.2,4,512,Chrome OS,11.2,274.0,1920.0,1200.0,185.58651407324467,0,0,Intel Core i7,Intel 
HP,13.5,16,512,Windows,4.84,3238.93,1920.0,1280.0,170.92983824421876,0,1,Intel Core i7,Intel 
LG,17.0,8,256,Windows,6.34,1071.29,2560.0,1600.0,177.58082130930077,0,0,Intel Core i3,Intel 
HP,15.6,8,512,Windows,3.86,479.0,1366.0,768.0,100.45466986113651,0,1,Intel Core i7,Intel 
MSI,15.6,8,512,Windows,4.63,1049.0,1920.0,1080.0,141.21199808219862,1,0,Intel Core i5,NVIDIA
Dell,15.6,16,512,Windows,4.5,999.0,3840.0,2160.0,282.42399616439724,1,1,Intel Core i7,NVIDIA
Dell,15.6,16,512,Windows,9.4,2562.5,1920.0,1080.0,141.21199808219862,0,0,Intel Core i7,NVIDIA
Lenovo,15.6,8,256,Windows,4.85,699.99,1360.0,768.0,100.11958661486584,0,0,Other Intel Processor,Intel 
ASUS,16.0,16,1024,Windows,13,2199.99,3840.0,2400.0,283.0194339616981,0,0,Intel Core i7,NVIDIA
Dell,14.0,8,500,Windows,3.97,395.0,1366.0,768.0,111.93520355955211,0,0,Intel Core i5,Intel 
MSI,15.6,16,16,Windows,4.97,949.0,1920.0,1080.0,141.21199808219862,1,0,Intel Core i7,Intel 
MSI,15.6,16,512,Windows,5.25,2699.0,1920.0,1080.0,141.21199808219862,1,0,Intel Core i7,NVIDIA
Dell,15.6,32,1024,Windows,4.22,3121.95,1920.0,1200.0,145.1381712624093,0,0,Intel Core i9,NVIDIA
HP,15.6,64,8192,Windows,4,699.99,1920.0,1080.0,141.21199808219862,0,0,Intel Core i7,Intel 
Acer,15.6,20,512,Windows,3.97,499.99,1920.0,1080.0,141.21199808219862,0,0,AMD Processor,AMD
Lenovo,15.6,8,256,Windows,5.07,849.0,1366.0,768.0,100.45466986113651,0,0,Intel Core i5,Intel 
Lenovo,15.6,4,1024,Windows,5.1,876.54,1920.0,1080.0,141.21199808219862,0,0,Intel Core i5,NVIDIA
Dell,14.1,4,250,Windows,5,699.99,1280.0,800.0,107.05226816518133,0,0,Other Intel Processor,Intel 
Lenovo,14.0,16,1024,Windows,2.98,699.99,1920.0,1080.0,157.3505121487356,0,0,Intel Core i7,Intel 
VivoBook,14.0,8,256,Windows,4.8,329.0,1920.0,1080.0,157.3505121487356,0,0,AMD Processor,AMD
Dell,15.6,16,512,Windows,3.95,2052.8,1920.0,1080.0,141.21199808219862,0,0,Intel Core i7,NVIDIA
HP,13.3,8,256,Windows,4.65,699.99,1920.0,1080.0,165.6321180513006,0,0,Intel Core i5,Intel 
Lenovo,14.0,32,2048,Windows,2.48,2030.99,1920.0,1200.0,161.72539083525606,0,1,Intel Core i7,Intel 
Dell,15.6,32,2048,Windows,5.39,699.99,1920.0,1080.0,141.21199808219862,1,0,AMD Processor,NVIDIA
Dell,15.6,32,512,Windows,8,699.99,2560.0,1080.0,178.1082562749975,1,0,Intel Core i7,NVIDIA
Lenovo,17.3,36,1024,Windows,4.84,699.99,1920.0,1080.0,127.33567457123111,0,0,Intel Core i5,Intel 
Lenovo,14.0,16,1024,Windows,4.2,2390.89,1920.0,1080.0,157.3505121487356,0,0,Intel Core i9,NVIDIA
Lenovo,10.3,4,64,Windows,1.9,195.0,1920.0,1080.0,213.87448253226196,0,1,Celeron Processor,Intel 
Acer,15.6,16,512,Others/Linux/Mac OS,8,699.99,1920.0,1080.0,141.21199808219862,1,0,Intel Core i7,Intel 
Microsoft,12.3,4,128,Windows,1.69,440.99,2736.0,1824.0,267.3384360344031,0,1,Other Intel Processor,Intel 
HP,15.6,32,1024,Windows,3.86,699.99,1366.0,768.0,100.45466986113651,0,0,Intel Core i7,Intel 
Lenovo,14.0,8,512,Windows,3,999.99,1920.0,1080.0,157.3505121487356,0,0,Intel Core i7,Intel 
SAMSUNG,13.3,8,256,Others/Linux/Mac OS,8,816.48,1920.0,1080.0,165.6321180513006,0,0,Intel Core i5,Intel 
MSI,17.3,32,1024,Windows,6,2049.99,1920.0,1080.0,127.33567457123111,1,0,Intel Core i9,NVIDIA
HP,17.3,32,1024,Windows,5.6,1449.0,1920.0,1080.0,127.33567457123111,0,1,Intel Core i7,Intel 
Acer,17.3,8,256,Windows,5.73,439.99,1920.0,1080.0,127.33567457123111,0,0,Intel Core i7,Intel 
Microsoft,12.3,8,256,Windows,1.7,699.99,1280.0,800.0,122.7184537503298,0,0,Intel Core i7,Intel 
HP,15.6,16,512,Others/Linux/Mac OS,8,719.99,1920.0,1080.0,141.21199808219862,0,1,AMD Processor,Intel 
HP,15.6,16,1024,Windows,5.14,499.0,1366.0,768.0,100.45466986113651,0,0,Pentium Processor,Intel 
HP,15.6,8,256,Windows,4.35,569.0,1366.0,768.0,100.45466986113651,0,0,Intel Core i5,Intel 
Lenovo,14.5,16,512,Windows,5.8,699.99,1920.0,1080.0,151.92463241946885,0,1,Intel Core i7,NVIDIA
Acer,15.6,16,256,Windows,4.4,1388.62,1920.0,1080.0,141.21199808219862,0,0,Intel Core i5,Intel 
HP,17.3,32,1024,Windows,5.25,599.0,1600.0,900.0,106.11306214269258,0,0,Intel Core i7,Intel 
Lenovo,15.6,16,512,Windows,5.1,1799.0,1920.0,1080.0,141.21199808219862,1,0,Intel Core i7,NVIDIA
ASUS,14.0,32,512,Windows,9.6,1890.95,2880.0,1800.0,242.5880862528841,0,0,Intel Core i9,Intel 
Dell,14.0,16,512,Windows,7.79,761.99,1920.0,1080.0,157.3505121487356,0,0,Intel Core i7,Intel 
ASUS,16.0,16,512,Windows,4.14,599.99,1920.0,1200.0,141.50971698084905,0,0,AMD Processor,AMD
Intel,15.6,16,512,Others/Linux/Mac OS,8,699.99,1920.0,1080.0,141.21199808219862,0,0,Intel Core i7,Intel 
ASUS,15.6,8,512,Windows,3.97,960.6,1920.0,1080.0,141.21199808219862,0,0,Intel Core i5,Intel 
Lenovo,15.6,12,1024,Windows,3.66,699.99,1920.0,1080.0,141.21199808219862,0,1,Intel Core i7,Intel 
ASUS,15.6,16,1024,Windows,4.18,1599.0,1920.0,1080.0,141.21199808219862,1,0,Intel Core i7,NVIDIA
HP,14.0,24,512,Windows,3.09,699.99,1920.0,1080.0,157.3505121487356,0,0,Intel Core i5,Intel 
LG,17.0,16,1024,Chrome OS,3.42,699.99,1920.0,1080.0,129.58277471072344,0,0,Intel Core i7,Intel 
HP,16.0,32,512,Windows,6.2,2052.49,1920.0,1200.0,141.50971698084905,0,0,Intel Core i7,Intel 
LG,15.6,8,512,Windows,2.4,699.99,1920.0,1080.0,141.21199808219862,0,0,Intel Core i5,Intel 
ASUS,14.0,16,1024,Windows,3.09,1511.99,2880.0,1800.0,242.5880862528841,0,0,Intel Core i7,NVIDIA
Dell,13.3,8,128,Windows,3.7,1099.95,1920.0,1080.0,165.6321180513006,0,1,Intel Core i5,Intel 
Lenovo,15.6,16,1024,Others/Linux/Mac OS,7,699.99,1920.0,1080.0,141.21199808219862,0,0,Intel Core i7,Intel 
Lenovo,15.6,32,1024,Windows,5.3,2299.0,1920.0,1080.0,141.21199808219862,1,0,Intel Core i7,NVIDIA
ASUS,15.6,16,1024,Windows,4.6,1347.96,1920.0,1080.0,141.21199808219862,1,0,AMD Processor,NVIDIA
ASUS,11.6,4,64,Windows,3.6,243.82,1366.0,768.0,135.0942111925629,0,0,Celeron Processor,Intel 
Dell,14.0,32,2048,Windows,6,1177.74,1920.0,1080.0,157.3505121487356,0,0,Intel Core i5,Intel 
Lenovo,14.0,8,256,Windows,3.3,414.88,1920.0,1080.0,157.3505121487356,0,0,AMD Processor,AMD
Acer,14.0,8,512,Windows,3.1,799.99,1920.0,1080.0,157.3505121487356,0,0,AMD Processor,NVIDIA
Lenovo,14.0,8,256,Windows,5,799.0,1920.0,1080.0,157.3505121487356,0,0,AMD Processor,AMD
Dell,14.0,16,256,Windows,5.7,459.99,1920.0,1080.0,157.3505121487356,0,0,Intel Core i5,Intel 
Lenovo,15.6,12,1024,Windows,7,699.99,1920.0,1080.0,141.21199808219862,0,1,AMD Processor,AMD
Lenovo,14.0,16,256,Windows,4.27,1175.0,1920.0,1200.0,161.72539083525606,0,0,Intel Core i5,Intel 
Lenovo,14.0,4,128,Windows,3.3,259.99,1920.0,1080.0,157.3505121487356,0,0,Intel Core i3,Intel 
HP,15.6,16,512,Windows,5.11,1599.99,1920.0,1080.0,141.21199808219862,1,0,Intel Core i7,NVIDIA
Dell,17.0,32,1000,Windows,4.65,699.99,1920.0,1080.0,129.58277471072344,0,0,Intel Core i7,NVIDIA
HP,14.0,8,512,Windows,3.81,972.07,1920.0,1080.0,157.3505121487356,0,0,Intel Core i7,Intel 
Lenovo,14.0,16,512,Windows,5.1,1174.19,1920.0,1080.0,157.3505121487356,0,0,Intel Core i7,Intel 
Lenovo,15.6,16,256,Windows,6,1081.71,1920.0,1080.0,141.21199808219862,0,0,AMD Processor,AMD
MSI,17.3,32,1024,Windows,6,699.99,1920.0,1080.0,127.33567457123111,1,0,Intel Core i7,NVIDIA
Lenovo,15.6,4,64,Others/Linux/Mac OS,8,269.89,1920.0,1080.0,141.21199808219862,0,0,Pentium Processor,Intel 
ASUS,15.6,8,500,Windows,5,698.49,1920.0,1080.0,141.21199808219862,0,0,AMD Processor,AMD
Lenovo,14.0,16,512,Windows,2.5,2129.2,1920.0,1200.0,161.72539083525606,0,0,Intel Core i7,Intel 
Lenovo,15.6,16,512,Windows,3.75,976.75,1920.0,1080.0,141.21199808219862,0,0,AMD Processor,AMD
Microsoft,12.45,64,64,Windows,2.44,345.0,1536.0,7024.0,577.5087666367758,0,0,Intel Core i5,Intel 
ASUS,16.0,8,512,Windows,7.4,699.99,1920.0,1200.0,141.50971698084905,0,0,Intel Core i5,Intel 
GIGABYTE,15.6,16,1024,Windows,8.12,999.62,1920.0,1080.0,141.21199808219862,0,0,Intel Core i7,NVIDIA
Acer,15.0,8,256,Windows,4,219.99,1920.0,1080.0,146.86047800548656,0,0,Celeron Processor,Intel 
ASUS,16.0,32,1024,Windows,5.89,3419.99,1920.0,1080.0,137.68169813014364,1,0,AMD Processor,NVIDIA
Dell,14.0,2,320,Windows,5.04,99.0,1366.0,768.0,111.93520355955211,0,0,Intel Core i3,Intel 
HP,14.0,4,64,Chrome OS,3,169.99,1366.0,768.0,111.93520355955211,0,0,Celeron Processor,Intel 
Acer,15.6,20,1024,Windows,8,699.99,1920.0,1080.0,141.21199808219862,0,0,Intel Core i7,Intel 
Dell,15.6,8,256,Windows,5.18,889.95,1920.0,1080.0,141.21199808219862,1,0,Intel Core i7,NVIDIA
HP,14.0,16,512,Windows,5,650.0,1280.0,800.0,107.81692722350405,0,0,Intel Core i7,Intel 
Lenovo,15.6,8,64,Windows,2.51,299.99,1920.0,1080.0,141.21199808219862,0,0,Celeron Processor,Intel 
ASUS,15.6,8,256,Windows,3.97,359.0,1920.0,1080.0,141.21199808219862,0,0,Intel Core i5,NVIDIA
Alienware,15.6,16,1024,Windows,5.2,2189.0,1920.0,1080.0,141.21199808219862,1,0,Intel Core i9,NVIDIA
Dell,15.6,16,512,Windows,8.7,1239.81,1920.0,1080.0,141.21199808219862,0,0,Intel Core i7,Intel 
HP,14.0,8,1024,Windows,5,749.99,1920.0,1080.0,157.3505121487356,0,1,Intel Core i5,Intel 
HP,15.6,16,512,Windows,4.65,699.99,1920.0,1080.0,141.21199808219862,0,0,Intel Core i7,AMD
Toshiba,15.6,6,1024,Windows,5.1,699.99,1920.0,1080.0,141.21199808219862,0,0,Intel Core i5,Intel 
Acer,15.6,16,512,Windows,9.64,1094.85,1920.0,1080.0,141.21199808219862,1,0,Intel Core i7,NVIDIA
ASUS,15.6,16,1024,Others/Linux/Mac OS,5.16,1557.26,3840.0,2160.0,282.42399616439724,0,0,Intel Core i7,NVIDIA
HP,11.6,4,16,Chrome OS,2.4,131.9,1366.0,768.0,135.0942111925629,0,0,Celeron Processor,Intel 
MSI,15.6,8,512,Windows,4.63,899.9,1920.0,1080.0,141.21199808219862,1,0,Intel Core i7,NVIDIA
Panasonic,13.1,4,500,Windows,8.2,399.99,1024.0,768.0,97.70992366412214,0,1,Intel Core i5,Intel 
HP,15.6,8,512,Windows,5,1376.49,1920.0,1080.0,141.21199808219862,1,0,AMD Processor,NVIDIA
HP,14.0,4,128,Windows,3.25,699.99,1366.0,768.0,111.93520355955211,0,0,Athlon Processor,AMD
ASUS,15.6,32,1024,Windows,4.63,1776.19,1920.0,1080.0,141.21199808219862,0,0,AMD Processor,NVIDIA
HP,17.3,16,16,Others/Linux/Mac OS,11.03,1699.99,1920.0,1080.0,127.33567457123111,0,0,Intel Core i7,Intel 
HP,14.0,4,512,Chrome OS,3.3,129.0,1366.0,768.0,111.93520355955211,0,0,Celeron Processor,Intel 
HP,17.3,8,512,Windows,10.9,3799.77,1920.0,1080.0,127.33567457123111,0,1,Intel Core i9,NVIDIA
ASUS,16.0,16,512,Windows,7.43,1499.99,1920.0,1200.0,141.50971698084905,0,0,Intel Core i9,NVIDIA
Acer,15.6,8,256,Windows,3.97,629.0,1920.0,1080.0,141.21199808219862,0,0,Intel Core i5,Intel 
HP,14.0,4,64,Chrome OS,3.64,188.91,1366.0,768.0,111.93520355955211,0,1,Celeron Processor,Intel 
SAMSUNG,15.6,1,1024,Windows,2.45,1900.17,1920.0,1080.0,141.21199808219862,0,0,Intel Core i7,Intel 
HP,11.6,4,32,Chrome OS,2.76,346.0,1366.0,768.0,135.0942111925629,0,1,Intel Core i5,Intel 
Dell,15.6,16,512,Windows,3.7,532.97,1920.0,1080.0,141.21199808219862,0,1,Intel Core i5,Intel 
ASUS,15.6,8,512,Windows,3.75,749.99,1920.0,1080.0,141.21199808219862,0,0,AMD Processor,AMD
Lenovo,15.6,8,256,Windows,5.89,1037.39,1920.0,1200.0,145.1381712624093,0,1,Intel Core i5,Intel 
Lenovo,13.3,16,256,Windows,4.36,1639.95,1920.0,1200.0,170.23725351079585,0,1,Intel Core i5,Intel 
Lenovo,14.0,16,512,Windows,5.1,1284.45,1920.0,1080.0,157.3505121487356,0,0,Intel Core i7,Intel 
Acer,15.6,8,128,Windows,8,699.99,1920.0,1080.0,141.21199808219862,0,0,Intel Core i3,Intel 
Acer,15.6,8,128,Windows,8,699.99,1920.0,1080.0,141.21199808219862,0,0,Intel Core i7,Intel 
Lenovo,15.6,8,256,Windows,6.15,890.92,1920.0,1080.0,141.21199808219862,0,0,Intel Core i7,AMD
HP,15.6,16,1024,Windows,5.34,699.99,1366.0,768.0,100.45466986113651,0,1,Intel Core i3,Intel 
HP,11.6,4,16,Chrome OS,3,135.0,1366.0,768.0,135.0942111925629,0,0,Celeron Processor,Intel 
Lenovo,14.0,4,256,Windows,4.33,189.99,1366.0,768.0,111.93520355955211,0,0,Pentium Processor,Intel 
MSI,17.3,32,2048,Windows,6,699.99,1920.0,1080.0,127.33567457123111,1,0,Intel Core i7,NVIDIA
ASUS,11.6,2,32,Windows,2.2,141.99,1920.0,1080.0,189.90579052433606,0,0,Celeron Processor,Intel 
Dell,14.1,4,80,Windows,5.94,119.99,1280.0,800.0,107.05226816518133,0,0,Other Intel Processor,Intel 
HP,14.0,4,32,Windows,2.88,204.99,1920.0,1080.0,157.3505121487356,0,0,Intel Core i7,Intel 
Lenovo,14.0,16,512,Windows,10,699.99,1920.0,1080.0,157.3505121487356,0,0,Intel Core i5,Intel 
Acer,14.0,16,1024,Others/Linux/Mac OS,8,999.99,1920.0,1080.0,157.3505121487356,0,0,Intel Core i7,Intel 
Stoneycreek,15.6,16,512,Others/Linux/Mac OS,8,12.02,1920.0,1080.0,141.21199808219862,0,1,Intel Core i7,Intel 
Intel,15.6,64,512,Others/Linux/Mac OS,8,1066.11,1920.0,1080.0,141.21199808219862,0,0,AMD Processor,NVIDIA
MSI,16.0,16,1024,Windows,4.19,1865.93,2560.0,1600.0,188.67962264113208,1,0,Intel Core i7,NVIDIA
ASUS,14.0,4,500,Windows,3.96,699.99,1366.0,768.0,111.93520355955211,0,1,Intel Core i5,Intel 
Lenovo,15.6,32,1024,Windows,6.32,4199.0,1920.0,1080.0,141.21199808219862,0,0,Intel Core i7,NVIDIA
Lenovo,14.0,16,512,Windows,3.3,678.0,1920.0,1080.0,157.3505121487356,0,0,AMD Processor,AMD
ASUS,13.0,8,256,Windows,2.6,699.99,3200.0,1800.0,282.4239961643972,0,1,Intel Core i7,Intel 
HP,15.6,16,8192,Windows,4.5,699.99,3840.0,2160.0,282.42399616439724,0,0,Intel Core i7,Intel 
Dell,15.6,16,500,Windows,11,699.99,1920.0,1080.0,141.21199808219862,0,0,Intel Core i7,Intel 
Dell,14.0,16,256,Windows,3.1,630.99,1920.0,1080.0,157.3505121487356,0,0,Intel Core i5,Intel 
Lenovo,11.6,4,128,Windows,3.51,286.0,4096.0,2160.0,399.1930028291189,0,1,Celeron Processor,Intel 
ASUS,15.6,4,128,Windows,3.97,329.0,1920.0,1080.0,141.21199808219862,0,0,Intel Core i3,Intel 
Dell,15.6,8,128,Windows,3.91,319.0,1366.0,768.0,100.45466986113651,0,0,Celeron Processor,Intel 
MSI,17.3,32,1024,Others/Linux/Mac OS,6.49,1506.89,1920.0,1080.0,127.33567457123111,1,0,Intel Core i7,NVIDIA
SAMSUNG,11.6,4,16,Chrome OS,2.6,128.49,1366.0,768.0,135.0942111925629,0,0,Celeron Processor,Intel 
Lenovo,11.6,4,128,Windows,3.5,286.0,1366.0,1080.0,150.11776985948802,0,1,Celeron Processor,Intel 
Acer,15.6,8,256,Windows,7.28,729.0,1920.0,1080.0,141.21199808219862,1,0,Intel Core i5,NVIDIA
HP,15.6,16,512,Windows,3.86,699.99,1920.0,1080.0,141.21199808219862,0,0,Intel Core i7,Intel 
Panasonic,14.0,8,480,Windows,5.6,550.0,1366.0,768.0,111.93520355955211,0,1,Intel Core i5,Intel 
Lenovo,16.0,32,1024,Windows,4,3099.0,2560.0,1600.0,188.67962264113208,0,0,Intel Core i9,NVIDIA
Acer,12.0,4,32,Chrome OS,3.09,129.0,1366.0,912.0,136.87230464114273,0,0,Celeron Processor,Intel 
HP,14.0,32,2048,Windows,7,699.99,1920.0,1200.0,161.72539083525606,0,0,AMD Processor,AMD
Acer,11.6,4,160,Chrome OS,3.31,199.0,1366.0,768.0,135.0942111925629,0,1,AMD Processor,AMD
Acer,14.0,8,512,Windows,3.37,949.99,1920.0,1080.0,157.3505121487356,0,0,Intel Core i5,Intel 
Acer,15.6,8,256,Windows,2.64,749.0,1920.0,1080.0,141.21199808219862,1,0,Intel Core i5,NVIDIA
HP,14.0,4,512,Windows,2.6,289.13,1366.0,768.0,111.93520355955211,0,0,Intel Core i3,Intel 
Dell,14.0,16,512,Windows,3.4,1038.0,2240.0,1400.0,188.67962264113206,0,0,Intel Core i7,NVIDIA
HP,15.6,16,8192,Windows,4.5,699.99,3840.0,2160.0,282.42399616439724,0,0,Intel Core i7,Intel 
Dell,14.1,4,300,Windows,5.07,112.44,1600.0,1400.0,150.78221010971134,0,0,Intel Core i7,Intel 
Toshiba,15.6,12,1024,Windows,4.96,699.99,3840.0,2160.0,282.42399616439724,0,0,Intel Core i7,Intel 
HP,14.0,4,64,Chrome OS,4.4,208.0,1920.0,1080.0,157.3505121487356,0,1,Intel Core i7,Intel 
Dell,15.6,8,256,Windows,6.2,798.0,1920.0,1080.0,141.21199808219862,0,0,Intel Core i5,Intel 
HP,14.0,8,256,Windows,3.26,399.0,1366.0,768.0,111.93520355955211,0,1,AMD Processor,AMD
Lenovo,15.6,8,512,Windows,5.59,649.99,1920.0,1080.0,141.21199808219862,0,0,Intel Core i5,Intel 
HP,12.5,8,512,Windows,2.49,1396.25,1920.0,1080.0,176.23257360658386,0,0,Intel Core i7,Intel 
Lenovo,11.6,8,64,Chrome OS,4,387.79,1366.0,768.0,135.0942111925629,0,1,Celeron Processor,Intel 
ASUS,14.0,8,256,Windows,3.53,309.99,1366.0,768.0,111.93520355955211,0,0,AMD Processor,Intel 
Lenovo,15.6,8,512,Windows,8.7,769.99,1920.0,1080.0,141.21199808219862,1,0,AMD Processor,NVIDIA
ASUS,15.0,6,750,Windows,5.1,699.99,1366.0,768.0,104.47285665558198,0,0,Intel Core i5,Intel 
Dell,17.0,16,1024,Windows,23.2,2399.0,2560.0,1600.0,177.58082130930077,0,0,Intel Core i7,NVIDIA
ASUS,15.6,4,64,Chrome OS,3.15,449.99,1920.0,1080.0,141.21199808219862,0,0,Celeron Processor,Intel 
HP,17.3,64,1024,Windows,6.08,699.99,1920.0,1080.0,127.33567457123111,0,0,Intel Core i7,Intel 
ASUS,15.6,8,256,Windows,5.5,699.99,1920.0,1080.0,141.21199808219862,0,0,Intel Core i3,Intel 
ASUS,17.3,1,1024,Windows,5.95,1019.99,1920.0,1080.0,127.33567457123111,1,0,AMD Processor,NVIDIA
Dell,17.0,16,512,Windows,10.13,3361.63,1920.0,1200.0,133.1856159819756,0,0,Intel Core i7,NVIDIA
Razer,17.3,16,1024,Windows,10.56,3363.42,3840.0,2160.0,254.67134914246222,1,0,Intel Core i7,NVIDIA
Broage,15.6,4,64,Windows,3.2,129.0,1920.0,1080.0,141.21199808219862,0,0,Celeron Processor,Intel 
Dell,14.0,16,512,Windows,3.4,2797.98,1920.0,1080.0,157.3505121487356,0,1,Intel Core i5,Intel 
Lenovo,15.6,8,256,Windows,3.75,499.0,1920.0,1080.0,141.21199808219862,0,0,AMD Processor,Intel 
Lenovo,14.0,4,128,Windows,3.3,699.99,1920.0,1080.0,157.3505121487356,0,1,Intel Core i3,Intel 
Acer,11.6,4,32,Chrome OS,1,77.0,1920.0,1080.0,189.90579052433606,0,0,Celeron Processor,Intel 
HP,16.0,16,2048,Windows,7,1899.0,3072.0,1920.0,226.4155471693585,0,1,Intel Core i7,Intel 
ASUS,14.0,8,512,Others/Linux/Mac OS,8,699.99,1920.0,1080.0,157.3505121487356,0,0,Intel Core i7,Intel 
Lenovo,15.6,16,512,Windows,7.9,699.99,1920.0,1080.0,141.21199808219862,0,0,AMD Processor,AMD
HP,14.0,4,64,Windows,3.24,132.24,1366.0,768.0,111.93520355955211,0,1,AMD Processor,AMD
Lenovo,14.0,4,32,Chrome OS,3.2,379.04,1920.0,1080.0,157.3505121487356,0,1,Intel Core i5,AMD
Acer,13.5,8,512,Windows,2.65,992.5,2256.0,1504.0,200.84255993695703,0,0,Intel Core i5,Intel 
Dell,14.0,8,512,Windows,4.84,1218.6,1920.0,1080.0,157.3505121487356,0,0,Intel Core i5,Intel 
Dell,14.0,16,512,Windows,5.05,1579.99,1920.0,1080.0,157.3505121487356,0,0,Intel Core i7,Intel 
SAMSUNG,15.6,16,512,Windows,3.53,1199.99,1920.0,1080.0,141.21199808219862,0,0,Intel Core i7,Intel 
HP,14.0,4,128,Chrome OS,5,187.0,1366.0,768.0,111.93520355955211,0,1,Celeron Processor,Intel 
SAMSUNG,14.0,16,512,Windows,3.31,1349.72,1920.0,1080.0,157.3505121487356,0,0,Intel Core i7,Intel 
HP,15.6,32,512,Windows,6.4,2728.77,1920.0,1080.0,141.21199808219862,0,0,Intel Core i7,Intel 
ASUS,13.3,16,1024,Windows,2.87,815.87,1920.0,1080.0,165.6321180513006,0,0,Intel Core i7,Intel 
Lenovo,15.6,4,128,Windows,4.1,288.85,1366.0,768.0,100.45466986113651,0,0,Intel Core i3,Intel 
Lenovo,13.3,8,256,Windows,4.2,829.54,1920.0,1200.0,170.23725351079585,0,0,Intel Core i5,Intel 
HP,14.0,16,512,Windows,3,699.99,1920.0,1080.0,157.3505121487356,0,0,Intel Core i7,Intel 
HP,13.7,16,256,Windows,6.56,589.99,1920.0,1080.0,160.79614380162764,0,0,Intel Core i3,Intel 
HYUNDAI,14.1,4,128,Windows,2.93,149.99,1366.0,768.0,111.1413368676404,0,0,Celeron Processor,Intel 
MSI,17.3,16,1024,Windows,9.5,699.99,1920.0,1080.0,127.33567457123111,1,0,Intel Core i7,NVIDIA
ASUS,14.0,4,128,Others/Linux/Mac OS,8,249.99,1920.0,1080.0,157.3505121487356,0,0,Celeron Processor,Intel 
Lenovo,15.6,8,256,Windows,5.95,664.33,1920.0,1080.0,141.21199808219862,0,0,AMD Processor,AMD
HP,14.0,32,512,Windows,4.97,2077.99,1920.0,1200.0,161.72539083525606,0,0,Intel Core i7,Intel 
HP,14.0,4,64,Windows,3.17,248.99,1920.0,1080.0,157.3505121487356,0,0,Celeron Processor,Intel 
HP,15.6,8,512,Windows,3.73,529.99,1920.0,1080.0,141.21199808219862,0,0,AMD Processor,AMD
ASUS,17.3,16,1024,Windows,7.04,999.99,1920.0,1080.0,127.33567457123111,0,0,Intel Core i9,Intel 
HP,11.6,4,32,Windows,2.37,699.99,1920.0,1080.0,189.90579052433606,0,0,Celeron Processor,Intel 
Gateway,15.6,8,512,Windows,4,199.0,1920.0,1080.0,141.21199808219862,0,0,AMD Processor,AMD
Lenovo,15.6,4,1024,Windows,3.5,329.0,1366.0,768.0,100.45466986113651,0,1,Intel Core i5,Intel 
HP,15.6,32,2048,Windows,3.78,699.99,1920.0,1080.0,141.21199808219862,0,1,Intel Core i7,Intel 
HP,11.6,4,128,Windows,4.05,407.87,1366.0,768.0,135.0942111925629,0,0,Pentium Processor,Intel 
Lenovo,14.0,16,512,Windows,5.05,699.99,1920.0,1200.0,161.72539083525606,0,1,AMD Processor,AMD
Acer,15.6,16,512,Windows,5.06,1264.99,1920.0,1080.0,141.21199808219862,1,0,Intel Core i7,NVIDIA
Lenovo,14.0,16,512,Windows,1,1914.6,1920.0,1200.0,161.72539083525606,0,1,Intel Core i7,Intel 
HP,15.6,16,512,Windows,4.79,584.99,1920.0,1080.0,141.21199808219862,0,0,AMD Processor,AMD
ASUS,15.0,8,1024,Windows,4.8,699.99,1366.0,768.0,104.47285665558198,0,1,Intel Core i7,NVIDIA
Dell,14.1,2,40,Windows,5,699.99,1400.0,1050.0,124.11347517730496,0,0,Pentium Processor,AMD
Acer,15.6,4,128,Windows,3.97,340.0,1920.0,1080.0,141.21199808219862,0,0,AMD Processor,AMD
HP,15.6,16,1024,Windows,4.41,699.99,1920.0,1080.0,141.21199808219862,0,1,AMD Processor,AMD
Acer,16.0,32,1024,Windows,5.29,699.99,2560.0,1600.0,188.67962264113208,1,0,Intel Core i9,Intel 
Gateway,14.1,8,512,Windows,3.74,699.99,1920.0,1080.0,156.23455106966654,0,1,Intel Core i7,Intel 
Microsoft,15.6,16,512,Windows,6.6,1839.62,1920.0,1080.0,141.21199808219862,0,1,Intel Core i7,NVIDIA
Dell,15.6,32,1024,Windows,4.6,1089.0,1920.0,1080.0,141.21199808219862,0,0,Intel Core i7,NVIDIA
Dell,15.6,32,1000,Windows,8,699.99,1920.0,1080.0,141.21199808219862,1,0,Intel Core i9,NVIDIA
Dell,13.3,8,256,Windows,4.5,850.0,1920.0,1080.0,165.6321180513006,0,0,Intel Core i5,Intel 
HP,15.6,16,1024,Windows,5.29,499.0,1366.0,768.0,100.45466986113651,0,0,Pentium Processor,Intel 
Lenovo,14.0,16,256,Windows,4.55,699.99,1920.0,1080.0,157.3505121487356,0,1,Intel Core i5,Intel 
HP,15.0,8,512,Windows,4.11,694.9,1920.0,1080.0,146.86047800548656,0,0,AMD Processor,AMD
Lenovo,15.6,16,512,Windows,7,699.99,1920.0,1080.0,141.21199808219862,0,1,Intel Core i7,NVIDIA
Lenovo,15.6,16,256,Windows,5.9,1299.0,1920.0,1080.0,141.21199808219862,0,0,Intel Core i7,NVIDIA
ASUS,11.6,2,32,Windows,3,123.0,1920.0,1080.0,189.90579052433606,0,0,Intel Core i7,Intel 
ASUS,16.0,32,1024,Windows,4.41,1499.99,3840.0,2400.0,283.0194339616981,0,0,AMD Processor,NVIDIA
HP,14.0,4,64,Windows,3.3,208.95,1366.0,768.0,111.93520355955211,0,0,Celeron Processor,Intel 
Dell,15.6,4,320,Windows,9.65,95.0,1366.0,768.0,100.45466986113651,0,0,Intel Core i5,Intel 
Dell,13.0,16,256,Windows,1.7,1029.99,1920.0,1080.0,169.45439769863833,0,0,Intel Core i7,Intel 
Lenovo,15.6,16,256,Windows,14.45,699.99,1920.0,1080.0,141.21199808219862,0,0,Intel Core i7,Intel 
ASUS,14.0,8,512,Windows,3.64,999.0,1920.0,1080.0,157.3505121487356,0,0,Intel Core i7,Intel 
Dell,16.0,16,512,Windows,6.59,1158.99,1920.0,1200.0,141.50971698084905,0,0,Intel Core i7,Intel 
Acer,15.6,16,512,Windows,7,699.99,1920.0,1080.0,141.21199808219862,0,0,AMD Processor,AMD
Lenovo,14.0,8,512,Windows,5,699.99,1920.0,1080.0,157.3505121487356,0,0,Intel Core i7,AMD
ASUS,15.6,8,512,Windows,3.97,699.99,1920.0,1080.0,141.21199808219862,0,1,Intel Core i3,AMD
HP,17.3,8,256,Windows,5.6,434.61,1920.0,1080.0,127.33567457123111,0,0,AMD Processor,AMD
Dell,14.0,8,256,Windows,3.5,328.99,1920.0,1080.0,157.3505121487356,0,0,Intel Core i5,Intel 
HP,15.6,16,512,Windows,3,699.99,1920.0,1200.0,145.1381712624093,0,0,Intel Core i7,Intel 
HP,11.6,8,256,Windows,4.6,949.0,1366.0,768.0,135.0942111925629,0,1,Intel Core i5,Intel 
Dell,15.6,32,1024,Windows,5.37,1349.99,1920.0,1080.0,141.21199808219862,1,0,Intel Core i7,NVIDIA
Lenovo,14.0,16,512,Windows,6,1135.11,1920.0,1080.0,157.3505121487356,0,1,Intel Core i7,Intel 
Lenovo,15.6,16,512,Windows,5.84,936.55,1920.0,1080.0,141.21199808219862,0,1,Intel Core i5,Intel 
Lenovo,14.0,20,1024,Windows,4.55,609.99,1920.0,1080.0,157.3505121487356,0,0,Intel Core i7,Intel 
Lenovo,11.6,4,500,Windows,3.06,460.0,1366.0,1080.0,150.11776985948802,0,0,Celeron Processor,Intel 
Microsoft,10.51,16,128,Windows,1.2,310.07,1920.0,1280.0,219.5578321881021,0,1,Intel Core i7,Intel 
ASUS,15.6,32,1024,Windows,5.16,3274.22,3840.0,2160.0,282.42399616439724,0,0,Intel Core i9,NVIDIA
Lenovo,14.0,16,512,Windows,5.1,970.22,1920.0,1080.0,157.3505121487356,0,1,AMD Processor,AMD
HP,15.58,16,256,Windows,5,699.99,1920.0,1080.0,141.39327150720786,0,0,Intel Core i5,Intel 
HP,17.3,16,512,Windows,8,699.99,1600.0,900.0,106.11306214269258,0,0,Athlon Processor,AMD
Lenovo,11.6,4,64,Chrome OS,2.42,84.0,1366.0,768.0,135.0942111925629,0,0,Celeron Processor,Intel 
ONN,13.3,4,128,Windows,3.3,159.99,1920.0,1080.0,165.6321180513006,0,1,Intel Core i7,Intel 
Acer,14.0,8,64,Chrome OS,2.87,380.2,1920.0,1080.0,157.3505121487356,0,0,Intel Core i7,Intel 
Dell,15.6,64,2048,Windows,6,699.99,1920.0,1080.0,141.21199808219862,0,0,Intel Core i7,Intel 
ASUS,15.6,40,2048,Windows,4.21,1879.99,2560.0,1440.0,188.28266410959816,1,0,AMD Processor,NVIDIA
Dell,15.6,32,1000,Windows,8,699.99,3840.0,1080.0,255.70415597837942,0,0,Intel Core i7,NVIDIA
ASUS,16.0,16,1024,Windows,3.74,699.99,1920.0,1080.0,137.68169813014364,0,0,Intel Core i7,Intel 
ASUS,15.6,32,2048,Windows,10,2289.99,1920.0,1080.0,141.21199808219862,1,0,Intel Core i7,NVIDIA
MSI,17.3,32,1024,Windows,11.43,699.99,1920.0,1080.0,127.33567457123111,1,0,Intel Core i7,NVIDIA
Lenovo,15.6,12,2048,Windows,7,699.99,1920.0,1080.0,141.21199808219862,0,1,AMD Processor,AMD
HP,15.6,6,1024,Windows,4.72,699.99,1366.0,768.0,100.45466986113651,0,1,AMD Processor,AMD
Dell,16.0,64,2048,Windows,8,699.99,3072.0,1920.0,226.4155471693585,0,0,Intel Core i7,NVIDIA
Dell,15.6,8,256,Windows,3.51,1390.13,1920.0,1080.0,141.21199808219862,0,0,Intel Core i5,Intel 
MSI,15.6,16,512,Windows,4.1,1299.99,1920.0,1080.0,141.21199808219862,1,0,Intel Core i7,NVIDIA
Acer,13.3,8,64,Chrome OS,2.65,436.72,1920.0,1080.0,165.6321180513006,0,0,Intel Core i7,Intel 
MSI,16.0,64,1024,Windows,5.07,699.99,2560.0,1600.0,188.67962264113208,1,0,Intel Core i7,NVIDIA
Dell,14.0,8,256,Windows,3.3,962.78,1920.0,1080.0,157.3505121487356,0,0,Intel Core i5,Intel 
HP,15.6,16,1000,Windows,3.75,549.99,1920.0,1080.0,141.21199808219862,0,0,Athlon Processor,AMD
Lenovo,15.6,16,1024,Windows,6.1,1835.77,1920.0,1080.0,141.21199808219862,0,0,Intel Core i7,NVIDIA
Lenovo,14.0,4,128,Windows,3.3,399.0,1920.0,1080.0,157.3505121487356,0,1,Intel Core i7,Intel 
HP,15.6,12,256,Windows,7,699.99,1920.0,1080.0,141.21199808219862,0,0,Intel Core i7,Intel 
Lenovo,15.6,12,512,Windows,4.08,699.9,1920.0,1080.0,141.21199808219862,0,0,Intel Core i7,Intel 
Apple,15.6,64,2048,Others/Linux/Mac OS,8.48,4299.0,1920.0,1080.0,141.21199808219862,0,0,Intel Core i7,Intel 
ASUS,15.6,8,256,Windows,8,699.99,1920.0,1080.0,141.21199808219862,0,0,Intel Core i3,Intel 
Dell,14.0,8,512,Windows,3,699.99,1920.0,1080.0,157.3505121487356,0,1,Intel Core i7,Intel 
Latitude,14.0,8,256,Windows,6.55,149.0,1600.0,900.0,131.12542679061298,0,0,Intel Core i7,Intel 
Dell,12.5,8,512,Windows,10.6,1720.36,1366.0,768.0,125.36742798669837,0,0,Intel Core i7,Intel 
Alienware,18.0,8,750,Windows,20.8,1499.99,1920.0,1080.0,122.38373167123879,1,0,Intel Core i7,Intel 
HP,13.3,16,512,Windows,2.5,1399.0,1920.0,1080.0,165.6321180513006,0,0,Intel Core i5,Intel 
Lenovo,15.6,32,2048,Windows,5.42,699.99,1920.0,1080.0,141.21199808219862,1,0,Intel Core i7,NVIDIA
Lenovo,11.6,4,512,Chrome OS,2.64,187.99,1920.0,1080.0,189.90579052433606,0,1,Celeron Processor,Intel 
HP,16.0,16,512,Windows,4.45,1599.0,3072.0,1920.0,226.4155471693585,0,1,Intel Core i7,Intel 
HP,14.0,32,512,Windows,2.99,3499.0,1920.0,1080.0,157.3505121487356,0,1,Intel Core i7,Intel 
Lenovo,14.0,4,128,Windows,3.08,209.0,1366.0,768.0,111.93520355955211,0,0,Pentium Processor,Intel 
ASUS,15.6,40,1024,Windows,4.2,1939.99,2560.0,1440.0,188.28266410959816,1,0,AMD Processor,NVIDIA
ASUS,15.6,16,512,Windows,4.41,1259.49,1920.0,1080.0,141.21199808219862,1,0,Intel Core i7,NVIDIA
Lenovo,14.0,16,2048,Windows,3,1500.29,1920.0,1200.0,161.72539083525606,0,0,AMD Processor,AMD
HP,14.0,32,2048,Windows,7,699.99,1920.0,1200.0,161.72539083525606,0,0,Intel Core i7,Intel 
Best Notebooks,13.5,16,512,Windows,3.01,2699.0,3000.0,2000.0,267.07787225659183,0,0,Intel Core i7,Intel 
Acer,14.0,8,512,Windows,2.65,484.88,1920.0,1080.0,157.3505121487356,0,0,AMD Processor,AMD
Acer,15.6,4,128,Windows,4,315.99,1920.0,1080.0,141.21199808219862,0,0,Intel Core i3,Intel 
HP,15.6,8,256,Windows,8,699.99,1920.0,1080.0,141.21199808219862,0,0,Intel Core i7,Intel 
ASUS,11.6,2,512,Windows,1.5,219.95,1366.0,768.0,135.0942111925629,0,0,Other Intel Processor,Intel 
Dell,15.0,16,512,Windows,5.15,2699.0,1920.0,1200.0,150.94369811290565,0,1,Intel Core i7,Intel 
HP,13.3,16,512,Windows,4.55,1070.0,1920.0,1200.0,170.23725351079585,0,0,AMD Processor,AMD
MSI,15.6,64,4096,Windows,9.9,699.99,3840.0,2160.0,282.42399616439724,1,0,Intel Core i9,NVIDIA
Alienware,15.6,16,512,Windows,5.5,2099.99,1920.0,1080.0,141.21199808219862,1,0,Intel Core i7,NVIDIA
Dell,17.0,16,1000,Windows,4.87,699.99,3840.0,1080.0,234.64616666251288,0,0,Intel Core i9,NVIDIA
Lenovo Group Limited,11.6,4,500,Windows,5.5,100.0,1920.0,1080.0,189.90579052433606,0,0,AMD Processor,AMD
Toughbook,12.0,16,512,Windows,8.13,1200.0,2160.0,1440.0,216.33307652783935,0,0,Intel Core i5,Intel 
Acer,14.0,8,256,Windows,3.53,607.99,1920.0,1080.0,157.3505121487356,0,0,AMD Processor,AMD
Microsoft,13.5,8,256,Windows,2.79,368.99,1280.0,800.0,111.81014675030049,0,0,Intel Core i5,Intel 
Lenovo,15.6,16,1024,Windows,4.58,2259.0,1920.0,1080.0,141.21199808219862,0,0,Intel Core i7,NVIDIA
Lenovo,11.6,4,64,Chrome OS,4.24,169.99,1366.0,768.0,135.0942111925629,0,1,Celeron Processor,Intel 
LG,13.3,8,512,Windows,6,699.99,1920.0,1080.0,165.6321180513006,0,0,AMD Processor,AMD
Dell,14.0,8,256,Windows,3.79,934.67,1366.0,768.0,111.93520355955211,0,0,Intel Core i5,Intel 
Lenovo,11.6,4,128,Windows,3.39,599.0,1366.0,768.0,135.0942111925629,0,1,Celeron Processor,Intel 
ASUS,17.3,32,1024,Windows,11.62,699.99,2560.0,1440.0,169.78089942830815,1,0,Intel Core i9,Intel 
HP,16.0,16,512,Windows,6.25,2301.72,1920.0,1080.0,137.68169813014364,0,0,Intel Core i7,NVIDIA
ASUS,15.6,8,1280,Windows,5.3,999.99,1920.0,1080.0,141.21199808219862,1,0,AMD Processor,NVIDIA
Toshiba,15.6,8,1024,Windows,4.84,699.99,1366.0,768.0,100.45466986113651,0,0,Intel Core i7,Intel 
Dell,15.6,16,1024,Windows,6,699.99,1920.0,1080.0,141.21199808219862,0,0,Intel Core i7,NVIDIA
Lenovo,14.0,8,256,Windows,4,388.75,1920.0,1080.0,157.3505121487356,0,1,Intel Core i3,Intel 
Dell,13.3,16,256,Windows,2.48,1954.14,1920.0,1080.0,165.6321180513006,0,0,Intel Core i7,Intel 
Dell,14.0,8,256,Windows,3.4,1691.54,1920.0,1080.0,157.3505121487356,0,0,Intel Core i5,Intel 
Mavark,18.0,64,20480,Windows,8,8599.0,2560.0,1600.0,167.71522012545074,1,0,Intel Core i7,NVIDIA
Lenovo,14.0,20,1024,Windows,4.62,615.0,1920.0,1080.0,157.3505121487356,0,0,Intel Core i7,Intel 
Dell,14.0,16,256,Windows,3.32,524.0,1920.0,1080.0,157.3505121487356,0,0,Intel Core i7,Intel 
HP,15.6,16,512,Windows,3.72,699.99,1920.0,1080.0,141.21199808219862,0,0,Intel Core i7,Intel 
Dell,13.3,8,512,Windows,2.7,699.99,3200.0,1800.0,276.053530085501,0,0,Intel Core i5,Intel 
ASUS,14.0,8,256,Others/Linux/Mac OS,8,534.99,1920.0,1080.0,157.3505121487356,0,0,Intel Core i7,Intel 
Microsoft,12.3,8,256,Windows,1.7,713.0,1920.0,1080.0,179.09814390912993,0,0,Intel Core i7,Intel 
HP,14.0,16,256,Windows,3.02,699.99,1920.0,1080.0,157.3505121487356,0,1,Intel Core i7,AMD
Lenovo,14.0,8,256,Windows,2.91,198.1,1920.0,1080.0,157.3505121487356,0,0,Intel Core i5,Intel 
ASUS,15.6,16,1024,Windows,5.7,699.99,1920.0,1080.0,141.21199808219862,1,0,Intel Core i7,NVIDIA
SAMSUNG,15.6,16,512,Windows,2.31,1176.24,1920.0,1080.0,141.21199808219862,0,0,Intel Core i7,Intel 
ASUS,15.6,16,1024,Windows,3.6,2150.0,1920.0,1080.0,141.21199808219862,0,0,Intel Core i7,NVIDIA
HP,13.3,16,512,Windows,4.7,699.99,1920.0,1080.0,165.6321180513006,0,0,Intel Core i5,Intel 
Dell,14.0,16,256,Windows,3,246.98,1920.0,1080.0,157.3505121487356,0,0,Intel Core i7,Intel 
ASUS,15.6,16,1024,Windows,4.62,2299.0,3840.0,2160.0,282.42399616439724,1,0,Intel Core i7,NVIDIA
HP,15.6,8,256,Windows,8,699.99,1920.0,1080.0,141.21199808219862,0,0,Intel Core i7,AMD
Acer,15.6,8,256,Windows,1,479.99,1920.0,1080.0,141.21199808219862,0,0,Intel Core i5,Intel 
Dell,15.6,16,512,Windows,4,1999.0,1920.0,1200.0,145.1381712624093,0,0,Intel Core i7,NVIDIA
SAMSUNG,14.0,4,64,Windows,4.36,145.0,1920.0,1080.0,157.3505121487356,0,0,Intel Core i7,Intel 
HP,17.3,12,1000,Windows,4.56,429.0,1600.0,900.0,106.11306214269258,0,1,AMD Processor,AMD
HP,12.3,8,128,Windows,5.24,799.99,1920.0,1280.0,187.6059200241425,0,1,Intel Core i5,Intel 
HP,15.6,32,1024,Windows,3.86,699.99,1920.0,1080.0,141.21199808219862,0,1,AMD Processor,AMD
Dell,14.0,32,2048,Windows,7,699.99,1920.0,1200.0,161.72539083525606,0,1,AMD Processor,AMD
Dell,14.0,8,1024,Windows,5,259.99,1366.0,768.0,111.93520355955211,0,0,Intel Core i5,Intel 
Dell,15.6,32,1024,Windows,6.8,1999.99,1920.0,1080.0,141.21199808219862,0,0,Intel Core i7,NVIDIA
ASUS,16.0,16,512,Windows,5.8,999.99,1900.0,1200.0,140.45128158902645,0,0,Intel Core i7,Intel 
GIGABYTE,17.3,32,1024,Windows,10.18,2049.0,1920.0,1080.0,127.33567457123111,0,0,Intel Core i7,NVIDIA
Acer,14.0,16,512,Windows,5.7,699.99,1920.0,1080.0,157.3505121487356,0,0,Intel Core i7,Intel 
Dell,17.0,32,512,Windows,10.5,3999.99,1920.0,1080.0,129.58277471072344,0,1,Intel Core i9,Intel 
HP,15.6,32,1024,Windows,4.6,699.99,1920.0,1080.0,141.21199808219862,0,0,AMD Processor,AMD
Lenovo,14.0,16,512,Windows,8,699.99,1920.0,1080.0,157.3505121487356,0,0,Intel Core i7,Intel 
HP,15.6,12,256,Windows,4.1,699.99,1920.0,1080.0,141.21199808219862,0,1,AMD Processor,AMD
Lenovo,14.0,16,512,Windows,3,228.99,1920.0,1080.0,157.3505121487356,0,0,Intel Core i7,Intel 
Apple,11.6,8,128,Others/Linux/Mac OS,2.11,284.0,1366.0,768.0,135.0942111925629,0,0,Intel Core i5,Intel 
Dell,15.6,16,512,Windows,9.4,1243.87,1920.0,1080.0,141.21199808219862,0,0,Intel Core i5,Intel 
Lenovo,14.0,8,512,Windows,1,901.29,1920.0,1080.0,157.3505121487356,0,1,Intel Core i7,Intel 
HP,14.0,4,512,Windows,3.24,212.78,1366.0,768.0,111.93520355955211,0,0,Celeron Processor,Intel 
HP,15.6,12,1024,Windows,4.85,599.0,1366.0,768.0,100.45466986113651,0,1,Intel Core i7,Intel 
Acer,14.0,4,64,Chrome OS,3.75,182.9,1366.0,786.0,112.57088469774347,0,0,Celeron Processor,Intel 
Lenovo,15.6,16,512,Windows,5,699.99,1920.0,1080.0,141.21199808219862,0,0,Intel Core i7,Intel 
Lenovo,14.0,4,32,Chrome OS,4.6,129.99,1920.0,1080.0,157.3505121487356,0,1,AMD Processor,AMD
Dell,15.6,32,1024,Windows,3.72,1145.0,1920.0,1080.0,141.21199808219862,0,0,Intel Core i7,Intel 
Lenovo,15.6,16,512,Windows,3.58,699.99,1920.0,1080.0,141.21199808219862,0,0,Intel Core i7,Intel 
HP,14.0,16,1024,Windows,6,699.99,1366.0,768.0,111.93520355955211,0,0,Athlon Processor,AMD
Lenovo,16.0,32,1024,Windows,11,699.99,2560.0,1600.0,188.67962264113208,1,0,AMD Processor,NVIDIA
MSI,15.6,16,512,Windows,7.3,849.0,1920.0,1080.0,141.21199808219862,1,0,Intel Core i7,NVIDIA
Dell,17.0,16,1024,Windows,5.67,2098.0,1900.0,1200.0,132.18944149555432,0,0,Intel Core i7,NVIDIA
HP,16.0,16,512,Windows,4.45,699.99,3072.0,1920.0,226.4155471693585,0,0,Intel Core i7,Intel 
Acer,11.6,4,512,Chrome OS,8,49.99,1920.0,1080.0,189.90579052433606,0,0,Intel Core i7,Intel 
ROKC,15.6,16,1000,Windows,3.75,899.99,1920.0,1080.0,141.21199808219862,0,0,Intel Core i5,Intel 
LENOVO - THINKPAD OPTIONS ACCES,16.0,16,512,Others/Linux/Mac OS,8,699.99,1920.0,1080.0,137.68169813014364,0,0,Intel Core i7,Intel 
HP,17.0,8,512,Windows,4.53,605.0,1920.0,1080.0,129.58277471072344,0,0,Intel Core i5,Intel 
Lenovo,15.6,12,1024,Windows,4.18,1249.0,1920.0,1080.0,141.21199808219862,0,1,Intel Core i7,Intel 
Dell,15.6,8,512,Windows,4.5,699.95,1920.0,1080.0,141.21199808219862,0,1,Intel Core i7,Intel 
HP,14.0,4,512,Chrome OS,3.24,179.0,1366.0,768.0,111.93520355955211,0,0,Celeron Processor,Intel 
Lenovo,14.0,16,512,Windows,6.9,699.99,1920.0,1200.0,161.72539083525606,0,1,Intel Core i5,Intel 
HP,15.6,32,1000,Windows,3.93,899.99,1920.0,1080.0,141.21199808219862,0,1,AMD Processor,AMD
Lenovo,11.6,4,500,Windows,3.05,699.99,1366.0,768.0,135.0942111925629,0,1,Celeron Processor,Intel 
Dell,15.6,8,1024,Windows,3.92,1159.81,1920.0,1080.0,141.21199808219862,0,0,Other Intel Processor,NVIDIA
Lenovo,15.6,16,2048,Windows,9.45,1777.5,1920.0,1080.0,141.21199808219862,1,0,Intel Core i7,NVIDIA
Dell,14.0,32,512,Windows,1.48,1715.69,1920.0,1080.0,157.3505121487356,0,0,Intel Core i5,NVIDIA
Panasonic,13.1,16,1024,Windows,7.9,564.9,1024.0,768.0,97.70992366412214,0,1,Intel Core i5,Intel 
SAMSUNG,13.3,8,256,Windows,1.92,769.0,1920.0,1080.0,165.6321180513006,0,0,Intel Core i5,Intel 
Best Notebooks,15.6,64,1024,Windows,4.4,3799.81,1920.0,1080.0,141.21199808219862,0,0,Intel Core i7,Intel 
HP,14.0,8,8,Windows,3.5,499.99,1366.0,768.0,111.93520355955211,0,0,AMD Processor,Intel 
HP,17.3,16,256,Windows,8,699.99,1440.0,900.0,98.15702911966409,0,1,AMD Processor,AMD
Acer,15.6,32,1024,Windows,11,699.99,1920.0,1080.0,141.21199808219862,1,0,Intel Core i5,NVIDIA
Lenovo,14.0,16,256,Windows,3.08,293.99,1920.0,1080.0,157.3505121487356,0,0,Intel Core i5,Intel 
HP,15.6,32,512,Windows,3.75,699.99,1920.0,1080.0,141.21199808219862,0,1,Intel Core i7,Intel 
Dell,13.3,4,128,Windows,3.4,699.99,1920.0,1080.0,165.6321180513006,0,1,Intel Core i5,Intel 
HP,15.6,4,500,Windows,4.52,366.0,1920.0,1080.0,141.21199808219862,0,0,AMD Processor,AMD
HP,14.0,4,32,Chrome OS,4.84,189.99,1366.0,768.0,111.93520355955211,0,0,Celeron Processor,Intel 
LG,16.0,32,2048,Windows,2.64,1846.99,2560.0,1600.0,188.67962264113208,0,0,Intel Core i7,Intel 
ASUS,15.6,8,512,Windows,4.6,999.99,1920.0,1080.0,141.21199808219862,1,0,AMD Processor,NVIDIA
Dell,14.0,16,512,Windows,4.34,2032.99,1920.0,1080.0,157.3505121487356,0,0,Intel Core i5,Intel 
HP,15.6,8,256,Windows,8,699.99,1920.0,1080.0,141.21199808219862,0,0,Intel Core i7,Intel 
Lenovo,15.6,16,512,Windows,5.95,809.99,1920.0,1080.0,141.21199808219862,0,0,AMD Processor,AMD
Dell,15.6,8,256,Windows,4.06,1802.92,1920.0,1200.0,145.1381712624093,0,0,Intel Core i5,NVIDIA
HP,14.0,16,512,Windows,3.02,699.99,1920.0,1080.0,157.3505121487356,0,0,AMD Processor,AMD
Lenovo,16.0,32,1024,Windows,4,3645.0,3840.0,2400.0,283.0194339616981,0,0,Intel Core i9,NVIDIA
HP,13.3,16,256,Windows,3.94,1894.99,1920.0,1200.0,170.23725351079585,0,0,Intel Core i5,Intel 
Dell,13.3,8,128,Windows,5.49,699.99,1920.0,1080.0,165.6321180513006,0,0,Intel Core i5,Intel 
Lenovo,14.0,40,1024,Windows,7,699.99,2240.0,1400.0,188.67962264113206,0,0,Intel Core i7,Intel 
ASUS,13.3,8,256,Others/Linux/Mac OS,2.65,426.49,1920.0,1080.0,165.6321180513006,0,0,Intel Core i7,Intel 
Acer,14.0,8,512,Windows,3.31,828.24,1920.0,1080.0,157.3505121487356,0,0,Intel Core i5,Intel 
ASUS,15.6,8,512,Windows,3.97,1399.0,1920.0,1080.0,141.21199808219862,0,0,Intel Core i5,Intel 
Dell,13.3,16,256,Windows,3.64,1745.99,1920.0,1080.0,165.6321180513006,0,0,Intel Core i7,Intel 
Acer,14.0,16,512,Windows,2.65,750.0,1920.0,1080.0,157.3505121487356,0,0,Intel Core i7,Intel 
ASUS,15.6,4,1024,Windows,3.75,275.0,1920.0,1080.0,141.21199808219862,0,0,Celeron Processor,AMD
Lenovo,15.6,4,500,Windows,4.19,697.0,1920.0,1080.0,141.21199808219862,0,0,Intel Core i3,Intel 
Dell,15.6,16,512,Windows,5,699.99,1920.0,1080.0,141.21199808219862,0,0,Intel Core i5,Intel 
Dell,13.3,16,256,Windows,5.15,1400.95,1920.0,1080.0,165.6321180513006,0,0,Intel Core i7,Intel 
Acer,14.0,8,1024,Windows,8,499.99,1920.0,1080.0,157.3505121487356,0,0,Intel Core i7,Intel 
Lenovo,15.6,8,256,Windows,4.39,658.28,1366.0,768.0,100.45466986113651,0,0,Intel Core i7,AMD
